name,age,street,city,state,zip,lng,lat
Lindsey Richardson,73,2491 Lori Stravenue Suite 848,Lake Josebury,Rhode Island,31319,-160.423466,-17.034328
Christine Webb,62,522 Richardson Lodge,Jamiebury,Oregon,15408,-29.719088,82.528512
Amy Brown,63,121 Porter Street,Haleyborough,Maine,56133,-64.390017,44.058767
Gary Palmer,62,42168 Ho Plains,East Tiffanytown,Maine,87164,-38.260350,-73.6069705
Gregory Ryan,54,6883 Castro Ranch,Bridgesside,Missouri,00615,121.734889,-81.321237
Samantha Lewis,27,5405 Bryant Tunnel,Port Connie,Alaska,07331,113.457322,-87.3467045
Debra Fuentes,44,23667 Bishop Mission Suite 969,Port Allison,New Hampshire,14182,-138.239643,-37.501717
Amy Perez,62,68388 Nicholas Radial Suite 148,Pacehaven,Wisconsin,92253,145.095788,71.877939
Terry Richardson,66,71292 Neil Stravenue,North Paulton,North Carolina,24450,95.151446,89.356857
Teresa Cruz,70,489 Eric Via Apt. 991,Jamesborough,Louisiana,18031,19.888551,-35.5235415
Tracy Keller,33,5018 William Isle,Stanleybury,North Carolina,73531,-167.559287,43.919786
Jamie Miller,30,294 Franco Locks,Justinhaven,Michigan,49342,7.197888,85.9795575
Tanya Estrada,80,3730 George Island Apt. 924,Robinville,Kansas,81065,-42.569678,20.400431
Susan Miller,38,534 Arroyo Union Apt. 013,Port Jenniferchester,Utah,01940,48.376514,-62.9810315
Teresa Moore,47,475 Perez Lane,Port Nathaniel,Iowa,41071,73.215050,55.2851635
David Hernandez,42,6704 Fowler Summit,East Timothymouth,Maine,52925,-63.987302,-81.278040
Barbara Pearson,67,17967 Baker Circles Apt. 832,Sarahberg,Missouri,61882,-128.333633,-4.411007
Kelly Coleman,38,91365 Simpson Trafficway,Derrickfurt,Mississippi,39607,58.212598,-0.787705
Calvin Moore,53,53308 Walter Loaf,Philipshire,South Carolina,48087,-32.999196,49.0524455
Frank Maddox,58,26041 Renee Ridge Apt. 187,Mariotown,Ohio,28741,-116.148445,20.9820025
Kimberly Brown,43,852 Kim Passage Suite 771,Richshire,Oregon,80855,-77.571523,45.225042
Cody Adams,43,807 Gould Lodge,North Katie,Idaho,51454,104.700569,-26.117949
Lauren Arnold,26,67474 Moyer Valley,West Crystal,Michigan,66607,18.965961,81.800889
Jennifer Lee,66,914 Joyce Lakes Apt. 373,Brownshire,Louisiana,12270,88.543059,-66.9666275
Darren Roberts,58,44920 Young Vista Apt. 498,Dukefurt,Virginia,51311,175.034788,4.988940
Sarah Torres,46,76110 Ramos Curve,Hammondton,Tennessee,87403,-40.961263,53.939258
Stephanie Paul,50,59435 Alan Forest Apt. 184,Williamstown,North Dakota,83210,-6.805502,-10.8031055
Miss Kristin Fisher DVM,26,8741 Susan Mountains Apt. 287,Nealburgh,Arkansas,71090,11.005216,-60.9435135
Veronica Callahan,33,3022 Lozano Cliff Apt. 651,North Devin,Nevada,98058,-16.196799,14.486782
Lisa Mcbride,68,44622 Peter Squares,New Matthew,Rhode Island,48562,71.725129,-17.9681155
Kayla Taylor,33,654 Becker Stravenue Apt. 796,Jasontown,Alaska,61169,156.698131,-14.0093195
Regina Reyes,67,7141 Jeffrey Trail Suite 407,Jacobshaven,Washington,01140,100.058508,47.765899
Michele Moore,77,0363 Fuller Roads Suite 401,Wrightberg,Oregon,59681,-48.251742,39.962619
Madeline Henry,25,1567 Lisa Forges Suite 127,Port Nicholas,New Jersey,90502,-135.800928,-86.1645135
Jason Kirk,45,243 Harris Forest,Brandybury,Minnesota,13833,69.462000,20.602511
Victoria Ramirez,31,5953 Ingram Locks Suite 609,Hicksside,Idaho,41768,34.321884,47.0514365
Debra Shea,41,01770 Hobbs Forges Suite 789,Antonioburgh,Nebraska,18795,179.687335,21.207139
James Allen,76,11711 Carol Court,South Mitchellland,Arizona,01465,32.777254,-86.131558
Brian Watson,39,522 Lane Loop,South Matthewshire,Utah,80078,-136.108472,-77.864842
Gerald Price,72,18573 Sarah Creek Suite 738,Port Amandaport,Arizona,81220,129.375380,-50.671188
James Howard,44,060 Sean Extensions,North Heather,Massachusetts,96296,82.998400,-82.2956455
Alan Roberts,19,248 Erin Flat,Dunlapton,Alaska,48453,-155.000113,-46.024459
Frank Walker,43,81980 Sue Plaza Suite 244,North Lancestad,Arizona,21534,-116.401930,-85.9835485
Ryan Sanders,41,119 Holland Club Apt. 633,South Richard,Virginia,80090,112.247188,-28.506063
Taylor Vazquez,70,84457 Smith Gateway Apt. 873,West Sarahmouth,New Mexico,38394,20.400948,-24.705853
Stephen Lee,68,9531 Moreno Roads Apt. 193,South Sandraside,West Virginia,64941,16.516957,-61.683153
Rachel Patton,66,1305 Vega Glen Suite 955,North Matthewland,Tennessee,03225,-74.631785,-14.153784
Jonathan Williams,40,4349 Griffin Plaza Apt. 260,Marcusfurt,Alaska,42557,73.448067,4.469474
Joseph Cobb,59,84412 Ortiz Forge Apt. 992,Haynesmouth,Georgia,02713,41.302243,-6.345313
Ashley Harris,57,89606 Michelle Corners Apt. 549,Bradleybury,North Dakota,51488,118.653101,-36.485358
Mark Gardner,49,3904 Juan Groves Suite 785,Greenhaven,Vermont,61300,10.367726,79.685558
Kimberly Jordan,76,5262 Jennifer Drives Apt. 290,East Donald,West Virginia,56338,-54.083195,-25.7318855
Charles Mcdonald,41,54507 Travis Lodge Suite 351,South Juliestad,Tennessee,62664,-109.743104,-44.033340
Richard Gonzalez,66,649 Aguilar Keys,West Ryanborough,Vermont,88623,14.684339,-5.602682
Christopher Davis DVM,34,5146 Daniel Valley Apt. 518,Hawkinshaven,Colorado,25808,7.166314,-2.040289
Joshua Garcia,30,318 Higgins Canyon,North Cindy,Wyoming,02646,70.484668,-20.6784765
Elizabeth Galvan,34,237 Erik Pine Suite 706,West Jamesfurt,Vermont,65358,-123.670585,62.2087975
Mark Hodges,43,06187 Boyd Road,Lake Jamesmouth,Alabama,45691,-57.029317,-77.7098395
Gabriel Flores,74,38775 Jennifer Terrace Apt. 162,Bradleyburgh,Montana,80345,-7.198151,17.638873
Karen Valenzuela,66,382 Dylan Stream Apt. 693,Camachomouth,North Carolina,22648,32.116527,-35.7555845
Kyle Butler,72,142 Paige Trace,North Angelaborough,Louisiana,27464,-137.268797,24.0088975
Noah Cooper,26,9525 Kayla Throughway Suite 649,South Virginia,Oklahoma,94071,15.163984,-60.2860655
Mrs. Melissa Griffith DDS,23,8933 Faulkner Cliff,New Matthewside,Connecticut,38379,62.774086,-67.8501905
Jimmy Chang,25,23480 Jesse Rest,Michaelshire,Hawaii,66158,43.061618,-71.213024
Shane Moses,60,69749 Greer Flat Suite 828,Diazstad,Vermont,10535,-115.978184,-20.7173395
Sean Graham,32,7344 David Rest,South Nicolemouth,Idaho,53443,-118.554829,51.3357965
Melissa Brown,45,381 Peter Fork,Jodifurt,Kentucky,78919,-82.862482,-0.6823765
Joel Crawford,30,0106 Smith Island,Spencerhaven,Alabama,86982,67.671041,-62.2600485
Margaret Thompson,20,15275 Michelle Fords,Cooperland,Nebraska,96112,-59.651016,-12.5340545
David Santiago,55,965 Steven Valley,Lake Briantown,Missouri,86664,-142.109233,11.767828
Jimmy Farmer,31,91647 Debra Stravenue,Christopherburgh,Tennessee,66160,-107.126954,-67.7809875
Miss Michelle Moore,52,4143 Walsh Walk Suite 311,Amberville,Massachusetts,23608,15.510824,-47.666693
Jaime Chan,67,25876 Barnes Fall Suite 254,Johnsonshire,Nebraska,79429,-5.129564,-62.6418105
Mrs. Candice Lucas,66,33396 Crystal Rue Suite 017,New Miranda,Maine,94765,-151.451669,47.8518725
Jessica Brooks,57,32823 Jordan Crossroad,Port Luketown,Wisconsin,19333,-128.052948,62.608320
Lisa Carter,40,459 Hebert Street Apt. 372,Kylehaven,Iowa,77019,44.879810,-22.070953
Jennifer Solis,45,35010 Adam Passage Apt. 618,West Derek,Florida,74385,166.942770,55.6504575
Darren Conrad,32,9728 Sarah Parkways Apt. 360,North Elizabeth,Minnesota,13207,-166.703686,-49.170942
Jackie Wilson,70,48865 Ryan Camp Suite 186,North Jessica,Idaho,02005,-159.554502,53.1508405
Justin Rodriguez,76,149 Wiley Parkways,New Larryton,Kentucky,83504,0.376602,41.1530425
Amber Guerra,19,306 Zachary Highway Apt. 775,South Sara,Oregon,56338,-58.603589,-67.5263265
Justin Miller,35,555 Davis Lakes,Charleshaven,Washington,26694,25.682688,-87.9217815
Crystal Beard,63,1068 Kimberly Village,South Jackburgh,Missouri,59417,57.144890,31.221910
Barbara Zavala,70,4160 Samantha Spring Apt. 575,North Jessicaberg,Virginia,05257,87.074854,-13.053127
James Russell,61,772 Blake Ways Suite 196,Wardberg,Hawaii,49299,99.199965,24.1266575
Lisa Henderson,35,53499 Steven Alley Suite 181,Coxborough,California,64687,-116.486516,-54.9001995
Rebecca Cooper,37,62731 Warner Prairie,Rickyport,Virginia,90322,-81.154854,-73.092200
Jennifer Cummings,77,4509 Murray Lake,East Jessetown,Wisconsin,29476,60.120786,-82.8175665
Paige Thompson,70,048 Robert Parkways,Lake Lisa,Delaware,46590,-172.324490,12.6050195
David Sanders,73,72918 Duncan Hills Apt. 850,Halltown,Alaska,81416,118.637697,-52.6246015
Amy Perry,53,01104 Miranda Parks,Lake Brianna,Connecticut,10919,-3.461935,15.5307085
Christopher Webster,71,88537 Nicole Falls,West Paulside,Arizona,88111,-178.901841,53.061077
Sean Cabrera,75,673 Fisher Path Apt. 610,West Kayla,Georgia,20910,139.817148,23.2287405
Madeline Thomas,27,69712 Fernandez Vista,West Rubenbury,California,34582,-158.351845,28.5449665
Nathan Maxwell,25,5269 Pennington Park,West Sheila,Michigan,93835,1.835672,-57.108599
John Harris,76,67905 Kimberly Springs,East Jessicastad,Wisconsin,71247,-87.705587,8.611241
Cathy Garcia,47,419 Harris Ways,Deannatown,Illinois,03018,-117.724069,38.498005
Vickie Robinson,45,204 Patterson Meadows,East Grant,Oregon,87065,25.025661,78.018008
Julie Edwards,69,06876 Richard Locks,West Ashleyville,Nevada,02201,-139.321608,84.0545555
Ashley Stanton,71,207 Barnes Groves,East Robert,Kansas,08189,-84.913391,-45.9210625
Carolyn Cunningham,74,078 Williams Corners,Campbellstad,Kentucky,56311,-71.474244,85.8569625
Melissa Adams,75,02169 Kyle Point,Terrychester,Rhode Island,33812,145.105111,-24.049663
Brian Brown,26,8173 Michelle Forges Suite 370,East Edward,Kentucky,38699,-69.524057,-20.644632
Jeffrey Jones,55,08303 Allen Ville Apt. 670,Tanyaville,Arkansas,36910,126.008696,-48.3321405
Tracy Boyd,75,42387 Barron Mission,Timothyhaven,Michigan,24454,147.013534,39.1788245
Kristin Mcintosh,72,80751 Nielsen Road,North Ashley,Alaska,07949,137.803588,53.171189
Haley Ayala,55,4521 Eric Streets,South Brianbury,Illinois,04863,-144.533806,-77.8375935
Janet Kline,72,1854 William Street Apt. 145,Port Andrewborough,Florida,48505,140.325670,28.2149365
Justin Munoz,47,226 Snyder Trace,Port Justin,Kansas,61635,-47.090520,24.6343425
Joshua Edwards,19,42529 Martinez Lodge Apt. 773,Barberfurt,New Jersey,90403,159.687200,-86.9881585
Brianna Garcia,50,861 Thompson Glen,Port Kevin,Wyoming,77715,-171.980077,30.2838825
Brittany Martin,46,475 Derek Lakes,South Amandachester,Minnesota,87004,154.047092,30.0139185
Samantha Berry,72,032 Powell Falls Apt. 447,South Nicolas,Nevada,46832,-74.964681,-72.030223
Phillip Higgins,65,932 Anita Turnpike Apt. 980,Collierstad,West Virginia,43408,103.849132,-66.978357
Laura Cox,34,643 Bryant Motorway,East Reneeborough,Indiana,09662,151.703324,-79.874472
Robert Cantrell,66,03397 Grant Terrace Apt. 193,West Jasonbury,Nebraska,50237,135.249705,-28.491842
Terri Smith,22,36668 Rios Summit,Victoriastad,Tennessee,79735,-101.068106,20.628233
Kimberly Edwards,68,938 James Glen,New Matthew,Kentucky,67000,143.535381,-66.091992
Natasha Richards,25,22736 Megan Fort Apt. 921,West Dakotahaven,Texas,27818,-51.632301,1.349793
Tracy Sullivan,30,731 Jesus Spurs,Torresshire,Vermont,30757,67.529196,-27.481288
Kimberly Hodge,62,11189 Carter Fall,Josephville,North Dakota,82208,148.583446,-4.192107
Fernando White DVM,52,1435 Phillip Islands Suite 218,Angelahaven,Massachusetts,25566,6.771041,-87.5519805
Tracey Lee,38,122 Williams Avenue Apt. 631,East James,Connecticut,61488,-112.508019,20.935556
Anthony Pena,67,6745 Reese Junction Suite 372,West Victor,Minnesota,06435,123.718882,-11.5559585
Kelly Mcdaniel,44,124 Hall Mountain,Carneyberg,New Mexico,01323,-97.718010,-69.992199
Amanda Castro,55,11420 Matthew Mews,East Kristieborough,Louisiana,60807,75.104652,31.939149
Brian Bauer,41,992 Kathy Turnpike,West Williamburgh,Pennsylvania,94610,-143.735563,-75.894578
Spencer Moore,45,50126 John Extension Apt. 108,New Tricia,Tennessee,98868,-23.816001,-7.420430
Shelia Hays,56,08657 Natasha Trail,East Christine,Missouri,85214,158.599058,-14.6433745
Michael Foster,31,030 Christopher Gardens Suite 221,Thomashaven,North Carolina,68989,65.346468,-31.7300615
Makayla Page,31,27692 Dawn Orchard,Washingtonland,Wyoming,50143,-139.644453,46.3122855
Craig Webster,43,1969 Morgan View Suite 713,North Jeremy,Utah,10296,124.755344,-0.484661
Evan Jenkins,62,709 Nicole Loaf Apt. 663,Michaelmouth,Connecticut,39915,-103.373847,-13.0402095
Jennifer Williams,37,58137 Hunter Drive,West Amanda,Michigan,56128,70.700148,-54.7969175
Amy Mills,34,3991 Lopez Points,Johnsonhaven,Alaska,74309,-92.582876,-50.310836
Jessica Hall,44,731 Williams Trail,Carrollstad,Kansas,39564,126.916650,-17.9664625
Thomas Lopez,43,69051 Tonya Lodge,Port Christopher,Nevada,29221,105.247333,65.4825955
Herbert Anderson,55,2452 Angela Island Apt. 879,East Jenniferburgh,Florida,78511,-133.619534,50.315074
Eric Neal,77,75854 Hunter Field Suite 007,Michelleshire,Massachusetts,96410,152.577054,35.321291
Adam Mejia,65,331 Elliott Stream Suite 531,Joshuatown,Nebraska,58976,-37.597406,-54.5953195
Mark Blake MD,72,280 Richmond Plains Apt. 224,Nicolebury,North Dakota,12664,114.531297,-20.100620
Michael Williams,42,3691 Alexander Viaduct Suite 295,East Jesseview,Montana,55290,-160.339759,-35.533213
Willie Simpson,48,0426 Joshua Prairie Suite 140,North Williambury,South Carolina,81042,174.417291,-53.8588285
Nicholas Berry,39,18816 Michael Islands Suite 090,Shariton,Wyoming,98431,175.454935,-43.5237725
Austin Dunlap,23,134 Martin Harbors Suite 043,Vincentview,Connecticut,27342,-176.047670,-9.971536
Amber Goodman,52,5697 Thomas Grove Apt. 293,South Angela,Washington,49402,5.913565,35.8848075
Tina Walters,71,20666 Martinez Fork,Walkerland,Alaska,83980,139.325136,35.365827
Devin Mckay,56,6705 Jason Circle Suite 982,Perryfurt,Maryland,20233,12.008531,64.381472
Kristin Guerrero,59,1862 Roberts Flat,Mcintyrefurt,New Mexico,09811,-135.156380,-23.9864175
Natalie Cooper,70,8467 Krystal Heights,Port Kathryn,North Dakota,73107,-155.208299,31.1495435
Chelsea Gonzalez,48,0691 Dickson Centers,East Gabriel,Ohio,90711,-138.800944,-57.985910
Dawn Brown,37,96649 Pamela Parkways,West Rebekah,Louisiana,59255,-102.087682,84.1841205
Jennifer Myers,51,1964 Michael Turnpike,South Kristopherberg,South Carolina,86948,-149.173380,-24.355318
Brandon Gilbert,78,84236 Miranda Corner Apt. 286,Cynthiaton,South Carolina,09045,-49.372075,8.474442
Alex Goodwin,79,4697 Robinson Isle Suite 443,North Susanburgh,North Dakota,62074,17.550566,32.7938435
Crystal Richardson,42,2691 Dale Junctions Apt. 435,Lopezfurt,New York,42295,-120.486745,42.265489
Mr. Michael Chen,23,417 Sanders Mills Suite 561,Leachville,Wisconsin,07257,-70.372081,81.1275215
Caleb White,71,93514 Ashley Drive,Josephview,Indiana,87884,134.300602,58.2110165
Michael Moore,64,385 Lewis Springs,Wilsonmouth,Ohio,48210,-14.748305,14.4753065
Cynthia Mendoza,24,481 Young Garden Apt. 551,South Matthewton,Montana,51250,46.800015,-35.798361
Kevin Graves,32,875 Andrews Junction Apt. 129,East Robert,Tennessee,24384,-38.426391,29.063135
Elizabeth Mejia,70,5092 Samuel Turnpike,New Samantha,Georgia,52637,-0.396979,61.803643
Rebecca Ramsey,20,811 Walker Haven,Port Yvette,Tennessee,05023,-9.355678,68.479117
Ricardo Silva,26,43914 Stephen Shores,Port Amber,Nevada,31469,96.964446,-42.7880635
Jordan Mahoney,32,03876 Julie Crossing Suite 690,Nicoletown,South Dakota,57048,158.495586,76.2378785
Lynn Mays,52,565 Travis Ways,Juliahaven,New Mexico,16071,-155.566253,-31.731418
Jeffrey Pace,76,656 Anthony Wells Apt. 180,East Laurie,Maryland,47546,96.610042,4.316863
Maria Carroll,36,37586 Katherine Motorway,Jeffreyhaven,Idaho,40562,137.948705,-61.0121795
Andrew Vasquez,33,28785 Ochoa Trail,Parsonsbury,Vermont,58426,107.915150,53.807038
Sean Salazar,53,927 Beck Cape Suite 976,North Phyllisshire,Idaho,68499,-42.094598,46.2025165
Amanda Salazar,35,82571 Daisy Skyway Suite 327,Elainechester,Colorado,55709,-99.819504,26.748749
Bruce Smith,69,8661 Yang Plains Apt. 518,Rebeccaborough,Ohio,12631,-156.559149,-2.883297
Larry Carroll,21,783 Stacie Summit Suite 523,Lake Sarahshire,West Virginia,97396,-87.715547,50.2907185
Kevin Harrington,76,5944 Bautista Avenue,North Madison,Kentucky,28020,51.210603,-68.8987265
Edwin Perry,60,70265 Young Forks Suite 206,Rogersfurt,Delaware,65453,-37.553787,61.0168785
Angela Baker,64,04097 Dale River Suite 279,Kelseybury,Idaho,61359,-8.678852,55.5003585
Donna Chavez,64,9223 Gonzalez Forest Suite 321,West Stephanie,Kansas,98904,-38.094850,-46.3766995
John Hamilton,32,12552 Ryan Locks,Larsonfort,Louisiana,19876,-149.885976,-75.5406305
Mark Ross,71,2992 Joseph Shore,Port Codychester,North Dakota,70563,-119.985557,-27.8297055
John Cook,21,75396 Ashley Creek,Hollyshire,Minnesota,86323,-177.055091,-37.1178215
Justin Taylor,33,334 Melissa Spur,New Ryanmouth,Louisiana,45669,86.571027,-0.4488075
Michael Harrison,53,26591 Black Roads Suite 975,Courtneychester,South Dakota,55908,-31.937353,51.759383
Andres Rasmussen,43,82767 Marcus Pass,East Brittany,Maryland,08016,-77.910283,28.525067
John Richardson,76,57400 James Park Suite 771,Clarkton,Kansas,61298,2.798021,-41.5555835
Krystal Hardin,38,24676 Wilson Corner,West Laurenstad,Vermont,10554,60.495588,-86.604142
Charles Gibson,27,58374 Danielle Dam Suite 670,West Tara,New Mexico,65519,64.916381,-82.9343805
Stephen Cooper,70,77214 Sharp Throughway Suite 126,Joneston,New York,67667,30.401536,-88.044049
Cheryl Davis,48,255 Wright Stravenue Apt. 893,Lauraland,Georgia,89315,-80.594606,-72.2127355
Jeremy Davidson,47,4308 Randy Inlet Suite 881,Michaelmouth,New Mexico,97616,72.374873,-5.0914585
Lee Campbell,41,4184 Moore Tunnel,Katrinaborough,Wisconsin,01349,-51.765070,-88.060120
Timothy Lewis,64,142 Natasha Tunnel Apt. 382,South Lisaborough,Tennessee,23886,-64.590758,21.0834755
Isaiah Rogers,57,3309 Tracey Spurs,East Nicoleberg,Vermont,93537,11.293504,7.0148915
Billy Camacho,29,246 Escobar Lodge,Bartonstad,South Dakota,94502,164.071871,53.7340175
Sonia Robinson,75,466 Bell Passage,East Joseph,Washington,14660,72.040043,6.090969
Aaron Bailey,52,57507 David Motorway Suite 008,South Kevin,Alabama,88684,119.519190,43.9330855
Lindsey Gonzalez,69,51149 Ho Shoal Apt. 187,Davisfort,North Dakota,05200,102.882158,-65.671741
Brenda Kelley,37,976 Lam Plaza,Amberton,Hawaii,14443,136.763048,-74.927269
Eric Pace,76,332 Austin Track Apt. 566,South Robert,Alabama,20251,-87.839458,17.604152
Jamie Jordan,50,22328 Mccann Manor Suite 329,Lake Jenniferland,Iowa,57046,-137.644141,-84.868375
Rhonda Huang,37,857 Kennedy Keys,Valentinehaven,Washington,85115,33.079783,-87.0528615
Christopher Tran,20,0518 Sierra Ridges,North Sarahburgh,Montana,53452,-47.116769,50.9779925
Cheryl Hicks,42,032 Christopher Dam,West Tanner,Wisconsin,52788,-12.960329,72.381226
Maria Stephens,75,05707 Sanders Views,East Lori,South Carolina,53359,-73.217022,76.797675
Miss Leslie Mack,49,3492 Scott Pike Apt. 800,Thomaston,Rhode Island,01727,-68.904999,28.222697
Mary Goodman,62,4983 Peters Center,Proctorstad,Maine,53235,34.633908,16.712222
Pamela Hall,80,46469 Bush Ranch,Port Christopher,Missouri,47453,-151.057535,-48.617660
John Phillips,71,2912 Jensen Terrace,Ryanchester,Ohio,87521,-165.770391,-64.918032
William Mcdonald,22,15160 Turner Corners Apt. 411,North Robin,Illinois,48302,156.433768,33.269893
Theodore Williams,24,13644 Porter Estate,West Kristi,Maine,86273,-179.582153,-12.928079
Alexis Alexander,62,3936 Travis Key Suite 946,Port Michaelfurt,Louisiana,53605,143.912145,12.6843005
John Garza,71,07860 Mitchell Stream,Zavalashire,Delaware,60864,-34.210777,12.9428615
Jose Peterson,33,67273 Sergio Flats,Fosterville,Vermont,63251,-119.653613,74.324537
Willie Anderson,42,68407 Karen Track,Jonathantown,Iowa,58899,-116.927982,25.8196195
Tina Clark,37,141 Kenneth Green Suite 758,Port John,Nebraska,08790,-81.432177,-20.0048445
Anthony Williams,37,39791 Vega Well,Lake Kenneth,Florida,68257,95.465583,-75.028563
Angela Howell,21,027 Schmidt Turnpike,Whiteville,Michigan,04111,23.537090,-23.578447
Karen Wu,31,856 Wagner Estates,West Tristanview,Maine,48184,-152.292584,-46.3821645
Ricky Russell,21,6431 Kevin Fords Suite 789,Susanport,Vermont,40625,18.950026,21.8351875
Jordan Hamilton,27,902 Garza Branch,Alexanderfort,Colorado,19971,-80.184773,23.264543
Joel Salazar,69,96039 Estrada Port Apt. 894,Mooreport,South Carolina,42715,151.317130,-28.8049335
Jason Woods,28,725 Jones Turnpike,Ritterville,Illinois,30778,1.996508,25.5856925
Wyatt Williams,68,4495 Curry Ports Suite 921,Andrewborough,Wyoming,44455,-25.022811,-51.102062
Thomas Nelson,45,819 Amber Camp,Smithland,Alaska,81078,-75.773029,-51.7613325
Gregory James,28,563 Carpenter Ranch Apt. 745,Olsonfurt,New Jersey,96258,-156.092160,74.6854255
Randy Olson,22,794 George Highway Apt. 391,Port Peter,Texas,70943,102.155809,25.1900845
Jillian Jones,18,8331 Mcdaniel Island,Hannahland,Virginia,70652,163.290747,-14.591895
Tiffany Powell,39,08213 Anthony Via,Erichaven,South Carolina,38475,1.746914,77.367060
Richard Gonzalez,77,469 Michael Isle Apt. 701,North Anthony,Utah,39694,-3.605327,52.734032
Sara Serrano,37,088 Jonathan Field Apt. 436,New Joshua,California,82601,74.598185,-84.3666675
Brianna Knight,49,94699 Travis Street,Jerryland,Missouri,35098,-133.548890,-7.170110
Jodi Gonzales,66,92108 Greene Mews Suite 462,Wilsonbury,Nebraska,10257,85.573120,-12.281113
Sean Ray,59,19374 Owens Gateway,Harrisbury,Texas,33371,-171.955395,51.8111985
Rebecca Jenkins,47,28910 Johnson Crescent,Norrisville,Alabama,47647,26.333827,-82.078860
Shelly Cook,28,8683 Tyler Lodge,South Robert,Nevada,73577,12.746426,52.673119
Regina Beck,19,2907 Miller Camp,Lawsonview,North Dakota,82488,159.275284,0.5255305
Mr. Scott Davies,41,892 Potter Loop Apt. 477,Clarkborough,Missouri,27371,118.256185,-12.7263865
Daniel Gallagher,20,331 Kenneth Path,East Bethany,Oklahoma,91793,-147.283324,34.8202765
Jasmine Lutz,71,7857 Grace Lodge Apt. 405,New Bethany,Delaware,95423,40.783013,81.432261
Joseph Castro,26,1394 Allen Shores Suite 863,Kellerland,Florida,30234,-10.351341,25.464258
Tony Buck,41,1690 Johnson Wall Apt. 087,Hugheston,Arkansas,30492,-178.597135,83.1442005
Stuart Wheeler,52,56176 Kylie Street,South Joshua,Alaska,67236,-143.125238,-63.489640
Barbara Hughes,39,203 Miller Vista,Ericamouth,New York,77773,174.790001,-71.047287
Tanya Wyatt,29,6998 Dawn Expressway Suite 344,Yorkstad,Arkansas,22179,77.548338,34.404853
Frederick Ayala,45,978 Frye Ranch,Haasborough,Delaware,65230,63.267731,-8.695519
Sarah Baker,48,58870 Kelsey Ways Apt. 437,Richardfurt,West Virginia,41885,47.936617,63.5241955
Christopher Martinez,78,851 Madison Cape Apt. 654,South Charles,Montana,60035,44.029737,-67.773971
Cheryl Klein,80,9221 Dean Circles,East Kevin,Ohio,81666,142.686101,20.0395435
Gary Harvey,35,2334 Evan Key Apt. 563,Jennifermouth,California,35456,114.816702,68.068857
Nathan Kelly,42,3790 King Orchard Suite 172,Valerieview,Nebraska,61059,144.370436,64.6109695
Sheri Blevins,54,592 Franco Curve Apt. 297,South Kevinbury,Georgia,29446,-38.467530,67.190483
Jennifer Sharp,45,8751 Heather Prairie,New Jameston,Delaware,13547,-98.151065,25.071155
Tina Rodriguez,49,471 Ware Fields Suite 415,Williamport,Alabama,97579,-79.258741,-57.5719895
Derek Love,29,44059 Woodard Unions Suite 727,Chelseatown,Wyoming,28501,-168.188020,40.872876
Michael Baker,60,438 Turner Dam Suite 666,East Randallton,Nebraska,75078,25.536957,-59.413359
Kimberly Vazquez,37,620 Padilla Estates,Juanshire,Hawaii,17614,-44.071599,-59.054834
Andrew Foster,46,598 Roberto Crossing Apt. 811,Dannymouth,Mississippi,10984,147.365658,-78.9011355
Derrick Wright,57,18702 Atkins Field Suite 010,South Dawn,Florida,41682,-0.419383,34.2055555
Michael Becker,69,162 Michael Pass Suite 275,South Alicia,Wyoming,01132,-150.250870,-83.2297105
Stacy Gutierrez,32,75474 Salazar Plains,Port Victorstad,Tennessee,62885,126.707958,-38.9440885
Stephen Phillips,46,658 Avery Brook Apt. 817,Bonniestad,South Carolina,91417,-13.420280,-75.0506655
Logan Rogers,42,40066 Raymond Streets Suite 971,Scottshire,Montana,49279,17.721205,33.860422
Olivia Scott,37,61820 Chambers Flat,West Joshua,New Jersey,06894,-66.792573,-34.665803
Amy Farley,75,7287 Lance Harbor,Brycebury,Nevada,19385,62.974126,40.817754
Jason Molina,35,365 Michael Lakes Suite 408,Loriton,West Virginia,84476,-174.958178,43.415218
Stephanie Reid,40,4085 Moore Lodge,Jaredtown,Delaware,44290,-175.768583,56.472681
Victoria Phillips,75,59265 Megan Points,Sanchezville,Alabama,96754,149.476403,64.6440525
Juan Flores,68,0799 Nelson Village Apt. 200,Jonmouth,California,98603,-69.047995,-6.6489765
Hector Thompson,50,841 David Fort Suite 605,Ginaburgh,Louisiana,67563,41.061048,89.301279
Bruce Boyer,21,6970 Berry Prairie Suite 946,New Kyle,Texas,23361,49.924280,42.5836195
Robert Hammond,27,110 Burgess Trail,North Devin,Arkansas,40163,126.124033,-17.5077285
Dawn Moore,42,92030 Lorraine Courts,New Jennifer,Illinois,93430,-7.052463,-1.4710885
David Smith,21,951 Sara Parks Apt. 104,Perezshire,Louisiana,58909,-82.492424,-6.3926025
Fernando Wagner,20,5061 Morrison Fall Suite 915,South James,Delaware,85166,-74.580975,37.523390
Megan Mendez,26,3558 Lisa Meadows,Heatherchester,West Virginia,73808,-163.519997,22.8652145
Jerry Hughes,52,95666 Frederick Mountains,East Jonathanton,Wisconsin,86228,-8.613068,40.3777885
Vernon Cameron,75,1653 Snyder River,West Mckenzieport,Iowa,03354,-25.732528,-19.6768045
Lee Berger,64,3425 Tammy Drive Suite 366,East Tyler,Utah,75372,-150.257495,-50.8540145
Andrew Williams,42,18117 Donald Hollow,Port Karaside,South Dakota,59572,-40.345400,-26.7045355
Stephanie Duarte,47,09774 Christopher Rue,Nancymouth,Colorado,12914,55.726267,-80.7171155
Angela Wilson,78,196 Woods Burgs,Rhodesmouth,New Mexico,77031,-126.456778,21.3120375
John Murray,73,9065 Teresa Street Apt. 915,West Jessica,Delaware,39259,77.851614,-5.1733905
Richard Pearson,38,2377 Sandra Lake,Weeksshire,Kansas,15175,-76.994613,-42.7133645
Anna Smith,76,58473 Erin Drive Apt. 698,Keithbury,New Hampshire,37826,65.129943,88.7118785
Tammy Brady,80,052 Michael Overpass,Perezborough,Rhode Island,36882,-140.177042,31.2943835
Melanie White,27,829 Montgomery Village Suite 151,Shaneland,Texas,95416,22.769185,-18.8736445
Sheri Proctor,58,5811 Cox Port Suite 405,New Jesusville,Nevada,77068,-9.780875,-76.212331
Nicole Taylor,29,146 Mary Courts Suite 381,Raymondburgh,New Hampshire,25371,149.472433,-47.024769
Angel Williams,75,0318 Mary Ports Suite 176,Obrienbury,Maine,59851,102.483389,70.272231
Eric Chapman,25,04635 Copeland Union,Annaside,Massachusetts,42186,128.516362,62.319365
Kristina Gaines,32,9086 Sara Isle,East Jonathan,Tennessee,17060,-76.131553,36.883941
Cindy Garcia,60,2315 Jesus Springs Apt. 661,Port Carolineville,Oklahoma,36848,156.028372,-39.8001625
Jacqueline Chandler,28,821 Sexton Cliffs,Cindyview,North Dakota,03527,-17.761777,25.218818
Joshua Miller,26,327 Nicholson Oval,Jamesport,Rhode Island,29176,-100.335875,69.202184
Sabrina Murphy,52,685 Michael Drive Suite 615,New Kathyshire,Iowa,42330,-131.784944,-18.7354355
Tara Chang,79,571 Caitlin Court,East Jacob,North Dakota,60189,173.022814,-19.8740795
Monique Powell,29,9938 Tina Underpass Suite 722,New Emilystad,Colorado,68987,-84.166676,-14.175527
Alexandra Wells,62,15242 Douglas Isle,West Caseyfurt,Delaware,54554,91.387088,-76.9298375
Katherine Michael,50,62613 Calderon Knoll,South Destinymouth,Missouri,04368,-24.437962,21.2472685
Samantha Nash,54,329 John Crossroad Suite 579,Patrickside,Wisconsin,08035,-7.944828,46.028874
Timothy Miller,23,904 Oneill Harbors,Lake Justinville,South Carolina,39192,12.114545,-63.2236575
Susan Kelly,48,1535 Angela Corners,Cobbborough,Kansas,61977,50.886850,18.0535715
Melissa Peters,68,648 Mcgrath Mountain,North Oliviaville,Hawaii,54830,-40.622299,8.074108
Jennifer Small,28,523 Deanna Manors,East Jodi,Vermont,75698,-165.690257,-31.6825425
Amy Lopez,59,7073 Tamara Pass,New Jamiefurt,Wisconsin,92487,-40.366111,-54.742815
Jennifer Nelson MD,45,70626 Martinez Court Suite 923,Lake Walter,Minnesota,93339,27.789615,7.4107055
Robert Graham,77,952 Autumn Ramp Suite 919,Amandaport,Rhode Island,80763,-131.659549,2.8513715
Andrew Fowler,52,729 Karen Trafficway Suite 155,Michaelland,Washington,55379,-80.410720,-86.4107855
Rachel Fletcher,79,36792 Kerry Village Apt. 205,Port Krystal,New Jersey,17589,55.363196,-16.0025345
Kevin Tucker,71,0005 Young Spur,South Andrea,Pennsylvania,23281,-112.213918,85.343715
Scott Lindsey,35,76724 Michelle Cove,Thompsonland,New Mexico,44665,-137.854954,-78.7948785
Crystal Wright,59,5434 Christopher Park Suite 444,Rodriguezton,Arkansas,78059,-34.295202,34.9764325
Michael Johnson,74,08483 Smith Place,North Ronaldbury,Florida,46102,-171.093450,-1.2303555
Louis Reid,44,43283 Derrick Springs Apt. 502,Reyesview,Nevada,33200,-130.353637,31.998496
Adam Thomas,68,36733 Austin Freeway,Vegafort,New Jersey,62833,152.520276,-86.3131025
Robert Riddle,60,44391 Dawn Prairie,Samuelton,South Carolina,75593,-25.047354,84.994559
Brian Larson,28,7447 James Turnpike Suite 883,Hicksport,New Hampshire,47724,-121.868405,-83.1767165
John Russell,43,045 Lewis Station,North Aliciafurt,Nevada,65870,55.515385,22.435364
Gary Palmer,42,4512 Richards Valleys,New Courtneyhaven,Alaska,59437,-116.383198,-60.355557
Mary Mueller,18,63639 Pittman Wells,South Erictown,New York,81996,-156.663233,39.743798
Michael Hudson,75,96978 Decker Hill Suite 356,North Edwardburgh,Illinois,65693,-31.695870,79.050734
April Clay,53,488 Shawn Mount,Tracyview,Idaho,57514,27.884984,41.1632855
Tony Fletcher,28,547 Timothy Rapids Suite 965,New Cynthiabury,Rhode Island,37566,-63.138340,-2.9434315
Michael Maxwell,23,68935 John Field,Lake Charlestown,New Jersey,54907,-111.690183,-43.7393325
Ian Wilson,44,3590 Debra Pines,West Chelsea,Maine,09079,-29.235676,-51.257063
Anthony Smith,64,56923 Tony Haven,Fraziertown,Washington,24808,-171.323237,-35.6056185
Ian Martin,35,0911 Jim Key,Lake David,Delaware,50158,107.447315,84.272931
Natalie Warren,40,873 Rodriguez Lodge Suite 946,Port Jorgeland,California,99408,-57.832728,11.154298
Matthew Moore,63,61681 Bell Rest Suite 073,Raymondhaven,Minnesota,13376,-1.260762,-54.841654
Rebecca Lee,46,9224 Kari Knoll Apt. 745,Floresville,Missouri,76478,-22.044150,47.072596
Cheryl Reed,47,6754 Alexander Dale,East Kenneth,Georgia,79171,-159.302787,-57.3181805
Mitchell Roberts,36,5411 John Camp,Danielhaven,New Jersey,62338,91.593003,39.209978
Teresa Olson,32,3137 Jackson Island Apt. 675,Leachview,Connecticut,42260,-79.299715,-53.045508
Leslie Gould,45,6954 Jared Street,Port Robertoshire,Utah,26019,-21.962408,41.8111125
Charles Howe,63,1943 Laura Corner Apt. 736,Garciamouth,California,45741,53.612712,84.9331555
Adam Hardy,51,2187 White Isle Apt. 704,Allenland,Maine,53061,-23.519063,10.9546005
Jeremy Bryant,78,16766 Ward Burg,Ellisfurt,Iowa,37883,14.612208,-4.213504
Vincent White,53,7639 Whitaker Turnpike,Heatherborough,Hawaii,40159,114.363924,-76.0550475
Lauren Gonzales,49,131 Gates Courts Suite 204,West Dawn,Idaho,31617,118.623625,-3.395869
Juan Austin,29,970 Donna Ways,Clarkeview,Wisconsin,63311,89.714929,-53.286501
Kim Lang,53,79346 Williams Greens Apt. 400,Hernandezfurt,Alaska,42039,-82.707451,-21.130854
Sean Sullivan,34,77710 Sanders Summit Apt. 936,East Cynthia,New Hampshire,52022,-97.111430,-78.4655645
Joseph Mckenzie DVM,62,974 Sonia Estates Apt. 663,East Heatherbury,New Jersey,84814,-39.335895,-32.7362445
Justin Howard,26,75236 Carrillo Ports Apt. 165,Lake Michaelchester,Georgia,40656,15.263637,60.996867
Roy Williams,61,318 Campos Roads,Briannaton,Rhode Island,77158,-100.373266,-2.6100495
Michelle Jones,46,2292 Sandra Station,Castilloberg,South Carolina,34876,93.078216,-73.742131
Joshua Griffin,65,2193 Lewis Pines,West Sara,Pennsylvania,88398,-68.971875,22.3698895
Nancy Gonzalez,50,0021 Melissa Causeway Suite 248,New Sabrina,Indiana,20905,-58.435160,-69.3996015
Michelle Wilson,52,4326 April Station Suite 082,South Anthony,New York,79191,158.158092,-85.3404715
Dr. Anthony Martinez,46,3064 Jennifer Underpass,West Brianmouth,Rhode Island,91193,40.123378,-66.387708
Jeffrey Alvarez,46,590 Christina Pines,South Stacyside,North Carolina,30762,128.060193,-27.638455
William Jones,49,4207 Sean Mills,Christopherport,New Mexico,55828,174.385850,-62.0978335
Mrs. Crystal Lee,34,709 Joe Prairie Suite 829,Stephaniefurt,Wisconsin,81669,-98.118463,-22.5383555
Matthew Meadows,37,347 David Passage,Lake Michellefort,Rhode Island,78386,89.337906,-26.106901
Jennifer Barnett,77,952 David Motorway Suite 823,Samanthaside,Oregon,82091,-111.306235,52.2973865
Richard Richardson,30,910 Smith Squares,Lake Thomasland,Idaho,27224,-124.166647,15.612638
Patricia Martinez,20,234 Carmen Villages Suite 077,Lake Madison,Texas,19803,-49.753401,-70.1813325
Carl Perry,44,0357 Bradley Plaza Suite 516,Dianechester,Florida,65812,-177.241625,-88.9874395
Anna Hernandez,28,72656 George Isle,East Shelbyton,Mississippi,23964,-103.416219,-5.7520675
Kimberly Glenn,79,19461 Derek Road,Port Amandaborough,Tennessee,62870,-130.782869,72.268612
Lee Ortega,43,0196 Mackenzie Pike,Smithport,Ohio,13279,-141.219697,54.2961675
Samantha Guerrero,78,1632 Christina Plains,Port Mary,New Jersey,90136,-65.518294,57.063099
Julia Cook,40,0871 Kristen Forks Apt. 458,Mooreshire,Idaho,16069,-27.588263,-31.552941
Jimmy White,48,5806 White Forest,Brianfort,Maryland,24348,-19.873173,79.776434
Kenneth Jones,46,107 Cook Overpass,West Catherineburgh,North Dakota,49146,-27.270623,-45.328091
Joe Lloyd,22,60257 Perkins Crossing,New Scotthaven,Louisiana,23755,135.868524,41.6967085
Susan Cowan,56,101 Delgado Ferry Suite 694,Port Dillontown,Hawaii,42780,65.686103,18.7902235
Mark Perry,26,5037 Adam Hill Suite 394,North Derrick,Maine,48534,-48.491215,-49.088441
Kelsey Roberts,26,0160 Christian Cape Apt. 440,West Mandy,Michigan,96630,-166.483131,-69.436640
Michael Stevens,26,2640 Thomas Village,Patrickborough,West Virginia,24802,171.609371,13.321996
Mrs. Michele Larson,41,936 Kimberly Neck Suite 150,West Heidi,Oklahoma,37043,-152.976662,-2.1246265
Jodi Vasquez,40,13973 Kevin Pine,Carlland,Arkansas,44890,-39.905742,61.0437985
Zachary Marshall,28,72683 Williams Grove,Owensshire,Iowa,62726,-65.334806,-4.9055215
Brooke Lewis,77,00574 Marsh Park Apt. 891,New Anthony,Arizona,43393,72.288383,49.7246845
Michael Johnson,25,73637 Kara Trafficway Apt. 741,Andremouth,Tennessee,86112,172.530354,19.229992
Daniel Perry,71,916 Jeffrey Course,Catherinestad,Wyoming,64599,-32.811119,13.062763
Christina Garrett,48,717 Isabel Flat,North Judychester,Vermont,10764,89.209033,-62.8777005
Tammy Hancock,64,673 David Dam Suite 569,North Kelseyfort,Massachusetts,19983,-177.825411,-24.9348315
Tony Miller,24,23274 Cannon Pike Suite 111,Thompsonton,Colorado,83919,147.136292,8.5887275
Gabriela Berry,59,4638 Angela Extensions Suite 290,Aguilarburgh,Georgia,72363,70.578338,-70.1859705
Justin Smith,30,2108 Gardner Islands Suite 284,Lake Claudiaton,North Carolina,99737,64.614716,-88.5684765
Deborah Evans,37,9068 Jenny Parks Suite 021,Millerport,Arizona,74927,-125.275049,10.4916055
Melody Barnes,64,9356 Angela Crest,Hillmouth,Tennessee,55426,-155.112161,87.0892935
April Webb,37,17623 Murphy Squares Apt. 193,Williamsmouth,Iowa,20068,130.775458,-75.2277635
Craig Mora,39,21539 Brandy Junction,East Jessica,South Carolina,56533,-58.212586,46.408326
Rebecca Gray,70,695 Christopher Meadows,Shawnchester,Indiana,49851,137.468983,32.923437
Regina Roberts,50,298 Barry Locks Suite 104,Christyland,Massachusetts,43744,7.761056,-4.4814385
Angela Hill,73,0517 Jones Glens,Matthewbury,Mississippi,78327,-85.977891,-10.6229325
Thomas Hill,23,17767 Amanda Isle Apt. 178,East Destiny,Massachusetts,67670,-71.437419,-50.8168485
Morgan Vasquez,27,2780 Woods Walks,New Tammyport,Connecticut,77687,146.252084,-76.0238205
Karen Lee,21,7491 Lucas Island,Port Michellebury,Missouri,58582,27.933033,75.5080655
Chad Lara,34,6235 Heather Circle Apt. 780,Devinmouth,South Carolina,30706,-40.136036,-73.9150845
Diane Blake,51,0935 Conner Fort,Brendafort,North Carolina,97043,94.151680,80.798567
Becky Holmes,60,15041 Stephenson Mountains,South Erin,Missouri,15234,99.039934,53.541445
Zachary Parker,69,7425 Phillips Viaduct,South Matthewchester,Nebraska,06764,127.021961,20.0826705
Edward Frank,33,376 Ramirez Plains Suite 248,East Lawrenceport,Colorado,86272,-54.419288,40.3354905
Brian Johnson,38,08842 Nathan Drive,North Jason,Minnesota,46602,74.207651,-17.918922
Jennifer Cook,31,355 Dennis Parks,West Joshuachester,South Dakota,97888,9.264026,43.1523125
Brittany Lopez,80,68646 King Hill,Coletown,Louisiana,96644,148.724003,72.3183805
Sarah Sullivan,75,8012 Cox Groves,New Heatherton,Pennsylvania,14979,55.925042,31.798286
Heather Watkins,74,4598 Christine Pass Suite 887,Joebury,Vermont,81244,-5.544734,-78.7599245
Kendra Hubbard,47,42863 Aaron Extensions,Dickersonburgh,Washington,21028,-83.129978,89.1643305
Eric Reed,72,49095 Gallegos Mountain,Lake Jameston,Wisconsin,80249,-7.524905,-63.2632655
Elizabeth Phillips,40,1574 Ayala Rapids,East Justin,Alaska,90642,-18.102281,-4.583191
Jonathan Rodriguez,40,340 Elizabeth Road,Lisabury,Alabama,14770,-147.730407,-81.4090205
Courtney Matthews,57,3218 Susan Meadows,Hernandezmouth,West Virginia,85466,91.978187,-63.0370885
Michelle Davis,46,3507 Hill Brooks,Lake Howard,Delaware,56824,-137.196373,35.3318905
Lauren Owens,57,34338 Sawyer Wells,Williamborough,Arizona,44836,-159.968379,-38.475667
Dustin Smith,52,0740 Ann Camp Suite 188,North Christianburgh,Rhode Island,78613,34.986682,-15.217885
Scott Lee,31,55513 Zimmerman Views Suite 574,Gordonchester,Nevada,40326,-125.018135,-66.332857
Tracy Francis,77,144 Daniel Groves,Russomouth,Missouri,74742,84.217019,86.932459
Peggy Perkins,52,2664 Veronica Creek,Stevensview,Kentucky,29132,-56.357010,53.8221055
Vanessa Coleman,28,693 Ariana Plain,Taylortown,Idaho,74732,129.389610,35.172111
Gavin Campos,53,2633 Blair Burgs,Frederickstad,Idaho,44037,158.526751,44.597952
Lawrence Burns,40,43226 Gregory Tunnel Suite 510,New Amy,Maine,44874,-51.569705,58.1514515
Rebecca Weiss,46,4801 Arnold Port,Salinasburgh,Pennsylvania,72524,-120.815999,-72.420781
Michael Smith,48,796 Matthew Forest Suite 209,East Alexandratown,South Carolina,19266,-35.343385,-64.660899
Alicia Bond,44,0647 Jennifer Lane Suite 472,East Dustinshire,Mississippi,77196,37.669307,13.2235365
Cody Bartlett,29,31283 Zimmerman Square Apt. 426,New Kirk,Massachusetts,93909,174.374351,78.155932
Lisa Colon,62,428 Villanueva Parks,Grayville,Virginia,12985,58.502302,-40.727073
Henry Martinez,76,0481 Banks Place,Virginiamouth,Rhode Island,15479,-90.067437,63.622337
Kimberly Murray,79,69516 Christensen Mountains Apt. 558,New Randall,Iowa,54303,-76.803202,33.844875
Jerry Gutierrez,77,73107 Carter Oval,West Sandra,Colorado,25262,169.642462,-29.166698
James Shepherd,65,734 Michelle Spring Apt. 169,Port Christineport,Connecticut,25729,87.713256,-69.1235705
Edward Bridges PhD,39,220 Gordon Canyon Suite 298,North Andrewshire,Tennessee,56871,-108.188172,0.5320495
Richard Anderson,21,5370 Garcia Lock Apt. 135,Brianburgh,Nebraska,04823,-21.755363,0.3547905
Alison Griffin,34,48526 Garcia Haven Apt. 149,North Lisa,Minnesota,93590,142.998614,-34.0350815
Donald Fuller,51,37457 Edward Road Suite 767,Lake Troyville,Pennsylvania,92712,-0.199965,-48.7135805
Ronald Robbins,19,9645 Yesenia Run,East Kaitlyntown,Tennessee,28083,-34.927352,42.0524795
Kim Craig,69,00890 Clark Road,South Reginaldview,Alabama,06016,-159.432235,79.679852
Eric Phelps,33,879 Kennedy Mountain Suite 098,East Thomas,Iowa,27385,-46.542965,-20.974424
Stephanie Larson,68,2537 Micheal Lights Suite 904,Chungborough,Colorado,22318,-12.515782,-54.964617
Patricia Moore,48,1400 Jones Roads Apt. 099,Judithville,New Mexico,66637,-69.985807,78.0346325
Marcus Miller,36,7119 David Loaf Suite 589,Joshuamouth,California,70439,-171.245937,2.663911
Richard Smith,77,98849 Mcmillan Manor Suite 969,New Nathanielton,California,30927,-148.646244,-71.052323
Chad Jones,59,729 Emily Extensions Suite 998,Gilbertborough,South Dakota,69307,-134.636959,-82.129167
Rebecca Shields,39,54978 Dakota Roads,Mirandashire,Michigan,95617,-80.293414,15.9869315
Brian Vasquez,37,69644 Thomas Manors,Alvaradomouth,Massachusetts,26246,113.002057,-1.148869
Jack Snyder,42,71383 Richard Points,South Michael,Iowa,71689,-8.131016,41.8310605
Melanie Riddle,49,41291 Green Parkway,Danielletown,Rhode Island,50448,15.468434,14.6581095
Kelly Powell,58,168 Lisa Points Apt. 985,Williamsshire,Pennsylvania,50029,176.326772,-63.548235
Karen Anderson,25,1515 Mike Flat,West Kimberly,New Mexico,68652,-91.418554,27.6029715
Kelly Ruiz,53,878 Christopher Unions,North Kaitlynchester,Tennessee,92612,16.940464,53.3404015
Austin Oliver,59,2625 Alisha Ramp Suite 823,West Aaron,Texas,76399,-134.713547,-17.0679405
John George,28,4415 Gregory Lights,North Patricktown,Indiana,38498,18.137224,-14.482611
Erin Larsen,59,44668 Rich Locks Suite 772,South Julian,Nevada,39329,-90.370715,-62.4427265
Lisa Fletcher,33,990 Ana Keys Suite 941,North Laurie,Louisiana,01284,-164.298039,-58.283686
John Patterson,30,898 Cunningham Cape,Mayermouth,West Virginia,71052,160.142571,84.606582
Jay Carlson,47,9442 Good Motorway,Port Patricia,Louisiana,13586,-73.638072,62.756480
Stacey Knox MD,20,30445 Lopez River Suite 918,West Kim,Virginia,99378,-101.254723,43.4591495
Kristine Miles,72,842 Bates Roads,Smithland,Arkansas,44150,-65.041323,87.1172725
Dawn Choi DDS,25,004 Margaret Locks,Christopherport,California,46092,16.499981,35.1426275
Brenda Jones,45,7677 Preston Lock Apt. 681,Mayerview,Mississippi,37070,-157.105422,18.725969
Franklin Smith,78,7479 Seth Ridge Apt. 221,West Michael,Oregon,13069,63.735108,-40.530999
Joseph Diaz,55,6870 Dennis Prairie,Robertchester,Mississippi,16302,-50.953698,-38.831924
Todd Sanders,76,938 Burke Rest,Port Reginald,Kansas,25999,35.433172,74.819904
Ross Clark,25,17152 Larsen Manors Suite 443,North Shannon,Alaska,03893,-42.566994,65.993996
Nicole Carroll,43,1978 James Prairie Suite 520,South Wayne,Indiana,59354,-9.104370,-42.7906375
Curtis White,46,3343 Bryant Trail,Annaport,Idaho,90193,-146.924614,50.644100
Karen Nelson,64,04980 Laura Ramp Suite 897,Christinaberg,Arkansas,91940,-7.123985,-13.418520
James Bryant,26,1898 Mary Villages Apt. 808,Coleland,Texas,58713,53.327326,39.7887885
Joel Roberts,76,7148 Morrow Island Apt. 460,East Petershire,Maine,59779,61.177003,48.4800065
Michael Santiago,42,5519 Rose Burgs Apt. 366,Woodton,Iowa,67063,-43.986241,32.5913965
Jessica Carter,35,7648 Hogan Coves Suite 192,Lake Kimberly,New York,36651,-18.364719,88.626289
Kimberly Robinson,23,9732 Hoffman Mill,Petermouth,Michigan,04066,-86.371820,47.804841
Jeffrey Dunn,37,55699 Zachary Highway Apt. 624,South Michelle,New Jersey,93467,78.444463,-78.4728615
Tiffany Miller,24,482 Nicholas Manor Apt. 575,Jenniferland,Pennsylvania,70584,10.781832,4.7881695
Bruce Foster,52,696 Hunt Landing,Johnhaven,Texas,31204,111.679973,29.4230455
Glenn Kirk,24,6192 Kimberly Passage Apt. 587,Simpsonview,Texas,22216,-175.039835,-5.4601845
Mr. Kenneth Fischer MD,74,7840 Mendez Mountain Apt. 161,Lake Shannon,Vermont,17715,79.165408,-66.3007295
Jennifer Schwartz,59,03259 Gordon Fort,North David,Utah,04596,-128.425188,31.161039
James Gomez,62,25261 Bryant River,New Seth,Ohio,79981,-37.373727,39.957044
Katherine Price,24,51301 Peterson Common Suite 376,North Melissa,Florida,06126,-66.017454,-41.1011965
Joshua Alexander,78,2552 Keith Drive,Port Aprilmouth,California,37864,93.285819,-11.968709
Susan Cole,70,9312 Flores Mills Apt. 375,North April,Nebraska,13774,-177.564717,12.0965515
Stephen Stone,21,664 Fry Route Apt. 576,Taylorfurt,Delaware,79816,125.870503,-31.547208
Jason Fernandez,31,186 Turner Road Suite 833,Tamarabury,Oregon,68887,-86.017741,-60.076465
Ethan Becker,54,752 Daniel Harbor Apt. 292,Lake Dean,Connecticut,03391,143.421822,21.5558845
Lori Wilson,56,45937 Sylvia Valleys,West Ericburgh,Washington,90569,-154.767772,-25.607021
Stephanie Arnold,76,46952 Lynn Vista Suite 515,Jasonmouth,Nebraska,30433,148.600387,-22.3508815
Teresa Anderson,51,45254 Helen Inlet Apt. 432,New Paulahaven,West Virginia,93071,-43.020152,69.2989435
Bonnie Evans,38,3155 Dave Avenue Apt. 945,Veronicachester,Missouri,15809,-164.425012,55.982856
Ricardo Frank,54,0099 Valenzuela Forest Suite 066,Stephaniestad,Maryland,25583,127.547653,78.170834
Austin Hamilton,53,519 Justin Plaza,Blackton,New Jersey,60844,-1.733423,61.122124
Craig Garcia,74,0755 Saunders Islands,South Brookeview,Arkansas,57379,80.574595,70.9681965
Tami Brown,68,844 Barnett Fork,South Anthony,Kentucky,05008,88.208200,1.058557
Dr. Kristina White,75,82621 Michael Greens,Lake Jefferyland,Missouri,87819,-107.224437,-87.426672
Bryan Rich,22,0543 Turner Lock,Taylorchester,Washington,23840,44.426148,-89.0360205
Stephen Jackson,20,90851 White Harbors Apt. 927,Hooverton,Michigan,80950,149.869726,26.3560785
Larry Obrien,29,07151 Miller Pine,Lake Daniel,Alabama,44592,-100.927524,85.4406985
Jesse Mccullough,24,648 Cynthia Grove,Port Glennland,Indiana,27205,-145.967744,-9.361425
John Owens,48,7260 Thompson Mountains,Lake Robertland,New York,34002,-7.423342,39.5258285
Timothy Taylor DDS,79,93385 Allen Meadows Apt. 206,Kimberlyfurt,Louisiana,73657,-139.089205,0.670431
Jonathan Flowers,74,39883 Dennis Mills Suite 351,New Anthonystad,Washington,49973,-139.142435,-37.177319
Donna Moore,26,760 Matthew Crest,East Kaylabury,New Hampshire,64514,92.777910,-36.813927
Thomas Berger,30,3085 Andrew Dale Apt. 843,South Paulstad,Nebraska,63667,58.297469,-1.5833035
Hunter Schneider,25,3477 Heath Fort,Olsonmouth,Iowa,38245,118.507137,81.0205185
Ian Patterson,59,62241 Nicole Shoal,Salasport,Louisiana,40355,-89.359217,31.1570605
Luis Perry,18,938 Le Drive Apt. 961,South James,Illinois,86346,103.948247,19.9765665
Francisco Jones,62,44434 Matthew Rest,Haleybury,New Jersey,73228,135.800175,-73.149269
Joshua Jones,24,8913 Marsh Road Suite 011,New Jacob,Alaska,92956,-160.173330,-67.020228
Amanda Ellis,46,612 David Brooks Suite 651,Melindafort,Florida,78386,-157.191021,-43.6294385
Ashley Schmidt,56,24508 Liu Stream Suite 427,Brianshire,Ohio,78878,-57.493619,86.8657535
Bonnie Cowan,72,920 Erika Islands,North Alexville,Wisconsin,52239,63.589513,72.5834065
Adam Smith,43,973 Pedro Meadows,Martinezport,Ohio,04249,-141.745171,16.756579
Anna Greer,51,65048 Reed Row,New Kristenside,Nebraska,12123,-100.374962,-8.539797
Todd Park,43,6128 Thomas Pass Apt. 288,Juanport,Nevada,67621,-75.970810,4.2313665
Kevin Scott,68,84562 Jeff Harbors Apt. 923,Kimberlymouth,Maine,23207,-13.510436,-11.9784605
Paul Montgomery,51,31701 Michael Alley Apt. 349,New Chelsealand,Illinois,09895,17.655009,-53.8978775
Steven Miller,47,2656 Sanders Lock,Jasonchester,Vermont,30526,-49.658382,-28.2635425
Andrew Skinner,72,5899 Michael Club Apt. 671,Lake Ross,Tennessee,06581,-18.380780,73.088173
Patrick Wade,73,9382 Brianna Club,East Diana,Nevada,58585,-77.574109,-41.8084725
Marcia Delgado,36,9721 John Haven Apt. 023,New Jonathanport,Pennsylvania,38611,-138.034124,-56.3956175
Lindsey Davis,40,897 Garcia Alley Apt. 181,Susanside,Virginia,53096,-75.476561,1.9704885
Tracy Palmer,69,67478 Roberts Terrace Apt. 896,Andreafort,North Dakota,02412,-21.375012,-34.3069185
Steven Calhoun,28,86964 Peter Rest Apt. 942,Alvinmouth,Montana,83541,-127.886754,-48.672308
James Murray,78,873 Erik Motorway,Lake Marymouth,Tennessee,05917,73.071229,87.684451
Kimberly Mccoy,75,85020 Lisa Trafficway Suite 763,North Jason,Illinois,53545,48.606457,-44.786065
Lance Fernandez,80,0634 Walter Cliff Apt. 567,Wilsontown,Alabama,97286,97.297049,-0.231760
Derrick Alexander,44,873 Rush Fords,Lake Sarahshire,Tennessee,04584,167.578803,51.456774
Paul Stewart,53,433 Fields Road,South Ronald,Ohio,45567,-32.857994,78.658859
Steven Rodriguez,43,22365 Herrera Hills Suite 241,Moralesview,Louisiana,69866,-117.062184,58.802976
Lynn Lee,75,717 Stephanie Field Apt. 525,Hicksfort,Florida,21149,-114.530132,-15.691585
Ricardo Thompson,65,5307 Toni Island Suite 999,Elizabethborough,Minnesota,64063,179.154845,-81.7961155
Francis George,49,98912 Kelly Burgs Suite 061,Port Juliemouth,Colorado,21269,-83.749664,-84.8294155
Stephen Petty,60,632 John Fields,Rebeccafort,South Dakota,20261,-45.720903,54.529427
Jennifer Hansen,25,1193 Jamie Lake,Salinasberg,Maryland,43565,-96.084018,41.9007245
Cynthia Quinn,55,77389 Trevino Estates Apt. 487,Lake Kyle,Connecticut,77674,25.168528,6.6295275
Scott Webb,71,016 Steven Island,Lake Carl,South Carolina,20814,135.637320,61.0481845
Laura Gallegos,42,852 David Avenue,Edwardsport,Rhode Island,77863,53.150663,69.743075
Steven Mora,42,3643 Lang Isle,West Brucemouth,Delaware,22460,120.149716,38.4557595
Ann Ramsey,58,4336 David Crossroad,West Ashley,Oregon,10824,-154.654962,-74.1843115
Carolyn Bennett,23,54659 Alexander Point Apt. 617,Kennethside,Kentucky,92986,-80.929660,-66.968028
Charles Williams,66,6974 Diane Isle,Curtisshire,Wisconsin,87302,89.952120,20.7568135
Robert Robinson,58,48758 Smith Neck Apt. 962,Port Brianburgh,Wyoming,12292,-30.570291,13.0650105
Shawn Wise,57,265 Natalie Lakes,Wilsonburgh,North Dakota,74519,177.388356,19.884826
Chad Floyd,34,958 Lopez Meadow Suite 006,West Wendymouth,Massachusetts,79113,-56.580790,-82.941968
Emily Vargas,65,9694 Calvin Mountain,Robertview,Tennessee,97666,148.489963,87.555765
Alan Cole,33,17823 Jennifer Views Suite 230,Christopherberg,North Carolina,75555,-58.742185,38.594172
Stephen Romero,37,475 Bradley Divide,Atkinsonview,South Dakota,62849,-42.288928,-70.636788
Audrey Conley,60,31243 Dwayne Corner,New Christine,Louisiana,05601,-81.363295,-72.786359
Jose Cooper,46,964 Newman Ranch Apt. 192,Sandrabury,Wyoming,94092,138.280434,12.9499945
Sheryl Carrillo,75,6279 Turner Forges Apt. 702,Carterstad,Indiana,82268,-17.420037,-14.0472285
Martin Butler,22,756 Lewis Islands Apt. 522,Andersonmouth,Nevada,69708,-83.715707,-61.090339
Mike Ellis,45,445 Lisa Viaduct Apt. 980,South Danielstad,Texas,21040,10.423679,-84.5725835
Robin Mcdaniel,55,94236 Janet Streets,Carrietown,New Jersey,63118,31.478451,-72.0791175
Jennifer Rose,45,4579 Martinez Rest,Christinemouth,South Carolina,26393,163.341632,-77.2397965
Michael Maddox,55,51902 Elizabeth Street,Marquezfort,Colorado,01379,68.552888,-6.237157
Benjamin Gentry,54,193 James Springs Suite 432,Herbertstad,Illinois,26905,14.539208,6.8632185
Tyler Mcdonald,67,8902 Velasquez Lane Apt. 393,East Karla,Maine,59339,-175.337904,51.812580
Gavin Chapman,63,417 Joel Track,East Erin,North Dakota,72649,122.701417,-7.2468135
Lauren Perez,74,546 Roberts Gardens Apt. 577,North Jared,Vermont,31884,99.577303,-68.526741
Kathryn Cruz,44,37922 Thomas Square,New Johnbury,Alaska,21856,76.417440,-47.6590325
Kathy Kelley,21,077 Tracey Valleys,Rickyfort,Washington,86359,-21.579532,-29.599253
Laura Cannon,62,41603 Mcgrath Glens Suite 328,Hernandezland,South Carolina,49053,144.818757,-70.633714
Heather Graham,28,3268 Brian Keys Apt. 336,West Renee,New Jersey,33720,135.631765,-30.7615555
Michael Taylor,30,785 Velez Mission,Lake Rachelland,South Carolina,43665,-147.751417,-84.677222
Amber Hill,21,346 Craig Crossroad,Lake James,South Dakota,08330,-116.056299,-60.3559125
Timothy Williams,34,0018 Valerie Groves Apt. 059,Lake Kathleenmouth,West Virginia,15621,-25.538465,-55.3418775
Michael Davis,43,0104 Justin Villages,Port Christina,Oklahoma,73406,-16.645680,65.7494165
Amy Rivera,67,59401 Marks Mountains Suite 965,South Suzanne,North Dakota,84250,30.419130,-28.3484375
Marcia Lopez,42,2783 Mejia Hollow Apt. 077,Candiceborough,New Mexico,62900,-61.013847,-30.9586365
Brittany Gay,58,572 Vicki Cliffs Apt. 684,Lake Erin,Georgia,98470,104.694463,48.453988
Alexander Lynn,56,8102 Teresa Lodge Suite 065,East David,California,47805,-4.378997,72.803286
Tara Griffith,25,53872 Carolyn Ports Suite 675,Boyerberg,Rhode Island,94507,-50.859586,89.570118
Mark Clayton,74,81701 Jeremy Alley,South Cynthiaport,Virginia,84013,-70.111753,-22.845759
Regina Rosales,69,784 Anna Land,Vasquezmouth,New Mexico,93222,116.555724,-33.285202
Angela Gates,18,2797 Chavez Island,Lake Robert,Florida,24572,38.402139,2.038610
Jacqueline Brown,69,1606 Garcia Ports,South Hannahview,Tennessee,98653,-133.100952,14.305110
Benjamin Adams,70,03128 Bell Highway,Shellyberg,Wisconsin,62937,49.542981,-62.687458
Dr. Brad Bray,71,06654 Smith Ridge Apt. 218,East Michael,Louisiana,42002,174.377301,-78.982194
Tony Farrell,18,5119 Mccormick Court,New Christopher,Hawaii,92998,-95.568721,-5.021232
Julie Finley,58,895 Erika Squares,Port Kimberlyberg,California,15124,67.509718,29.8332555
Heather Price,46,558 Rodriguez Drive Suite 140,Moorefurt,West Virginia,02380,-155.553110,55.5940225
Leah Blake,61,4284 Harrison Motorway Suite 475,Browntown,Minnesota,93081,119.849563,-35.9472545
Edward Gordon,50,0698 Jones Village,Port Tamara,California,20410,-74.620888,42.7054925
Emily Edwards,30,507 Michael Courts Apt. 009,North Ryan,Kentucky,58926,33.464714,-43.194160
George Ramos,19,609 Paul Extensions,Mcmahonfort,Pennsylvania,45996,-146.050183,-7.6718085
Jamie Rogers,41,258 John View,West Sandy,Tennessee,62545,-124.070648,61.7610795
Kenneth Jones,77,12256 Bradley Brook Suite 469,Vanessamouth,Utah,79785,-169.307732,26.532498
Michael Wolfe,75,2632 Davies Lodge Suite 053,East Thomashaven,Hawaii,61336,-53.672095,35.0045755
Bryan Brown,37,185 Haynes Way Apt. 035,Callahanview,Pennsylvania,22605,143.229001,-86.436520
Charles Miller,43,0008 Williams Path,Port Jessemouth,California,99553,-52.870816,80.7170295
Jessica Higgins,26,663 Smith Divide Apt. 930,Port Steven,Mississippi,16254,83.887999,22.349217
Bradley Berger,80,1641 Howard Rapids Apt. 805,Brownhaven,Iowa,88334,37.002805,-25.235710
Jennifer Tyler MD,71,5597 Schmidt Land,Jamesborough,Utah,63360,-109.310569,17.828812
Mrs. Dominique Fields,60,99764 Michael Burgs,Pricechester,Ohio,59347,173.972925,27.277301
Taylor Clark,45,4690 Nicholas Courts Apt. 555,Brownton,South Dakota,12126,53.826258,81.7102705
Jacob Terry,56,29642 Kendra Courts Suite 671,New Dean,Georgia,75080,-109.215536,76.874177
Paul Ortiz,21,67046 Alexandra Well Apt. 936,Lake Jake,Pennsylvania,25489,26.906937,-18.995610
Danielle Poole,70,02395 Heath Place,Port Terrance,Iowa,45589,141.755647,24.097623
Michael Erickson,28,479 Martha Loaf,Charlesfurt,Alabama,51743,48.322801,-28.1375505
Christopher Keller,68,4003 Jared Causeway,Josemouth,Alaska,71456,76.427115,-11.9580045
Daniel Kelly,32,6576 Shari Street Apt. 144,East Whitney,Minnesota,15780,-160.368397,70.377941
Christopher Coleman,56,508 Jennifer Forge,Raytown,Idaho,59095,138.338744,-15.689530
Christopher Nixon,46,0327 Gregory Rapids,South Brandonmouth,Connecticut,48915,142.092594,-62.740017
Carol Jones,40,421 Tiffany Estate Apt. 393,South Dustinhaven,Nebraska,64626,145.301021,-31.8670485
Michael Jones,58,66739 Mercado Highway,Andersonfort,New Mexico,37164,-58.955681,-66.8815695
Elizabeth Riggs,64,563 Joseph Unions,Derekberg,Mississippi,11779,-30.048477,-0.3174515
Brian Stephenson,44,4807 Patrick Streets,West Bruceborough,Indiana,67165,-91.918974,-25.526086
Tony Jones,80,2279 Alexis Fork,Johnhaven,New Hampshire,01958,-91.558361,-26.745845
Colin Powell,31,90633 Ricardo Light,Michaelland,Kansas,87831,-10.203834,-72.607279
Emma James,24,56573 Andrea Vista Apt. 258,Fryborough,Indiana,29725,30.007925,29.017090
Keith Scott,21,9680 Shannon Prairie Apt. 217,Herbertborough,New Hampshire,54365,73.962382,-23.995977
Sharon Duncan,50,180 Karen Harbor Suite 515,Stevenbury,Idaho,51962,-114.445252,-25.2745725
Jack Blanchard,66,662 Moore Light Apt. 227,New Lorraineview,New Jersey,74187,-76.334736,-77.2264175
Brittney Watson,64,10185 Leonard Square,East Williammouth,Maryland,53777,128.804205,63.365117
Anthony Blevins,24,26535 Webb Junctions Apt. 978,Kellyport,Illinois,95383,19.795311,52.728555
Abigail Elliott,47,916 Robert Burg Suite 612,Elizabethport,Illinois,95026,104.062551,-68.3708305
Craig Burton,76,77720 Keith Wall,Lake Mollyville,Nevada,89898,150.878019,12.234045
Patrick Garrison,70,0013 Armstrong Gateway,Blackmouth,California,99938,-123.115619,-22.1173415
Mr. Mark Edwards,22,69258 Dean Manors Suite 703,West Olivia,Kansas,98614,42.742771,81.1596385
Anthony Phillips,24,2742 Lopez Terrace,Stephenstown,Utah,43405,-39.668183,79.987579
Sheila Dominguez,62,8789 Matthew Isle,Robertland,Tennessee,52771,-163.049172,-79.8618675
Isabella Navarro,60,443 Jessica Wall Suite 193,Port Christina,Minnesota,85299,0.454112,-33.469225
Danielle Powell,65,67146 Jermaine Estates Apt. 309,New Deborah,Alaska,61289,-111.635548,54.9225505
Jennifer Schultz,18,2923 Sarah Curve,Lake Brandon,West Virginia,76444,114.158224,80.9685405
Christina Smith,43,235 Benson Island Apt. 692,Lake Sandrashire,Ohio,02082,178.396782,-12.744306
Nichole Diaz,48,135 Weaver Light Suite 364,North Brentton,South Carolina,60624,-141.448195,-52.529344
Jesus Gibson,62,2741 Jane Road Apt. 339,Wuland,Texas,89405,44.792008,-77.585809
Todd Fernandez,49,73489 Reynolds Shoal Suite 193,West Aaronburgh,Indiana,05053,-88.622764,-72.0117945
Heather Arnold,36,86296 Michelle Cliffs Apt. 397,Port John,Louisiana,50229,9.019378,-18.1078745
Stephen Bell,74,65009 James Inlet Suite 334,Thomasview,Rhode Island,97318,56.559305,80.5198915
Tiffany Byrd,19,447 Carr Harbor Apt. 443,West Daniel,Missouri,01418,119.350728,50.7458325
Tracy Terrell,54,209 Norton Glen,Mitchellchester,Montana,51977,-30.281209,-10.2094665
Shannon Maxwell,58,97719 David Forks,Nelsonchester,Tennessee,70757,-148.905211,62.745600
Richard Stevens,19,2959 Karen Trail,West Jamie,Maine,92460,146.202584,84.0162125
Mr. David Yang,52,43328 Green Stream,South Kerryton,Minnesota,72508,-26.459124,-65.4592545
Theresa Rogers,28,848 Schwartz Station,North Rachelfurt,Alaska,77261,-157.300327,28.0980905
April Jones,70,3238 David Mountain Suite 486,South Ryan,California,48885,-123.865045,-82.6055315
Jason Hall,74,333 Marilyn Spurs,South Crystal,Connecticut,62070,175.628791,-13.772181
Dr. Stacey Hogan,60,133 Jordan Plaza,New Cheryl,California,06903,-174.359992,67.485154
Mark Tucker,34,317 Ronald Island Suite 788,Joshuabury,Iowa,91858,94.352003,23.9446155
Benjamin Goodman,30,532 Jessica Parkways Apt. 218,Sandramouth,West Virginia,86883,75.869649,-21.9512115
Adrian Kirk,29,7039 Blevins Trail Apt. 095,Huntmouth,Tennessee,63143,118.490029,82.5427095
Megan Jackson,53,4566 Brendan Port,Pamelaport,Maryland,70694,34.729193,-35.388780
Matthew Ayala,42,24196 Pamela Harbors,Robertborough,Oregon,67465,-70.299426,21.0012155
Alexander Williams,57,96223 Jason Springs Apt. 023,Ortizfort,Washington,35090,-111.489846,82.638526
Jared Huffman,44,9253 Woodard Inlet Suite 031,West Sandrabury,New Jersey,07123,-46.402867,-16.023372
Joseph Williams,36,81531 Jonathan Branch Suite 543,East Henryborough,Massachusetts,85970,-12.339564,20.3747515
Richard Wolfe,30,34919 Christine Summit,Ericksonberg,Washington,36072,-94.029725,-85.1538825
Jeffery Lynn,63,92545 Reyes Lights Suite 146,Port Barbara,Washington,41876,160.355852,-52.5180875
Glenn Phillips,39,9697 Jonathan Vista Suite 527,North Willie,Georgia,06267,98.318258,-59.068336
Kristina Richardson,28,2728 Laura Pike Suite 642,Josephfurt,Tennessee,10601,-10.108899,11.556562
John Swanson,28,95696 Logan Walks,North Pamela,Connecticut,62024,-64.896901,-68.320852
Margaret Smith,24,8633 Christine Forks,Brownchester,Delaware,03323,77.500021,45.189485
Ryan Brown,74,3932 Hernandez Tunnel,East Juliaton,Wisconsin,64742,-65.830577,-86.7349475
Kristine Murphy,43,0296 Padilla Estate,Kimberlytown,Hawaii,01501,40.487437,32.406112
Haley Benton,18,0702 Carla Square,West Terriberg,Alaska,60809,113.633974,29.293485
Timothy Orozco,76,9198 Jennifer Parks Suite 098,East Lauriemouth,New Mexico,93159,151.898569,74.2056965
Bailey Sutton,69,7535 Stephanie Estates Suite 903,Lake Mitchell,Wisconsin,66289,78.638269,-31.076991
Kelly Kim,19,92510 Thomas Stravenue,West Johnfurt,New Mexico,24289,25.833321,-2.382549
Daniel Smith,73,16178 Laura Highway,Christopherstad,Ohio,21665,-41.021252,22.4139435
Walter Yates,60,3603 Dalton Square,East William,Kansas,01550,94.001513,15.549565
Jessica Lucas,62,65142 Johnson Ferry,East Terri,Arizona,12752,40.472934,40.961561
Charles Stewart,21,26467 Morris Brook Suite 625,Velezstad,Nebraska,01482,-106.008223,47.887374
David Williams,22,100 Daniel Road,Port Shannonborough,Utah,39473,175.040497,44.594671
David Miller,58,250 Hernandez Plain Suite 207,New Scott,Idaho,08272,-85.515738,35.235394
David Smith,74,298 Michelle Isle Suite 553,South Manuel,Nebraska,52622,10.899796,19.505676
Lawrence Nichols,50,70362 Susan Ramp,Brianview,New Hampshire,67514,177.126345,55.281579
Brandon Reed,56,098 Kevin Key Apt. 739,North Sharon,Hawaii,67279,-141.955346,28.3260255
Edward Wells,33,88704 Fox Causeway,Thomasside,North Dakota,49317,-152.828077,64.4440005
Joseph Williams,44,16983 Randall Isle Apt. 674,Lake Johnberg,Hawaii,18249,-173.558755,-41.984008
David Murphy,21,771 Mayer Island,Jessicamouth,Montana,80742,71.250750,-71.9032895
Connor Rodgers,20,8156 Sherry Trafficway,New Jessicaview,Texas,33918,139.724332,-1.944957
Sara Mccoy,37,788 Sanchez Shore Suite 831,Turnerborough,Missouri,82973,-97.072548,15.281555
Richard Villarreal,68,634 Jeremy Spur,Lake Joseport,New Hampshire,78909,164.503781,-83.592365
William Carroll,38,798 Gardner Heights,Port Carrie,Wisconsin,63084,42.750926,-50.9801185
George Wallace,51,87349 Jasmine Street,Carolville,New York,89603,-28.040269,16.367246
Thomas Ellison,76,572 Carolyn Junctions Apt. 611,Mossmouth,Louisiana,06696,-149.136473,-88.6403415
Laura Johnson,57,24626 Tina Estates Apt. 502,Kathystad,Oregon,23911,21.588136,31.3260635
Betty Harrell,44,66949 Ashley Skyway Suite 196,New Rachel,Missouri,24822,137.542703,39.428069
Daniel Baker,71,50079 Harvey Springs,Marissaborough,New Mexico,69234,140.362371,-2.935163
Seth Hobbs,27,50184 Bradley Wells Suite 014,Port Mistystad,Iowa,39695,23.495667,-12.173736
Jeremy Murphy,56,14244 Daniels Shoal Suite 718,Perryside,Oklahoma,68966,-68.856392,-55.9185425
Cynthia White,41,21288 Kristy Junctions,North Danielport,Virginia,13114,103.370156,84.4619115
Joanne Gonzales,61,08419 Johnson Meadows Apt. 079,Martinshire,New Hampshire,56377,-63.501426,61.5501365
Catherine Larson,28,08932 Rodriguez Port Apt. 710,Lake Christopher,Indiana,31803,48.960931,33.198079
Amber Flynn,20,6132 Andrea Lodge Apt. 891,New Charles,Oklahoma,84380,41.334194,-86.4311675
Gregory Phillips,42,114 Baker Station Suite 692,North Veronicaburgh,Washington,12631,0.038701,52.5403755
Kenneth Parker,55,1419 Jones Vista,North Georgeburgh,Michigan,31209,-26.205861,-5.783240
Robert Hansen,38,3589 Chelsea Groves Apt. 785,Boonebury,Arizona,48942,-86.908858,54.9778545
Alicia Walker,24,532 Ware Causeway,Ericborough,New Mexico,27517,83.807121,-79.8098435
Keith Moore,20,2430 John Inlet,Lake Rebekahport,Alabama,64443,124.631955,-82.0059865
Jeremy Ramirez,24,29495 Thomas Brooks,Sharonton,Pennsylvania,09286,170.465666,-48.2735225
Andrea Phillips,78,2053 Jennifer Divide,Johnsonbury,Rhode Island,13321,171.776910,-33.975632
Emily Holland,54,24221 Wilkerson Mill Suite 443,Justinfurt,Minnesota,61060,-179.879338,5.375139
Charles Murphy,35,21054 Evans Lights Apt. 748,Williammouth,Iowa,78488,-108.086459,-56.669852
Angelica Brown,50,10099 Kent Road Suite 699,Lake Saraton,Nebraska,17927,-43.294149,59.351985
Stacey Barrett,34,0689 Smith Loaf Apt. 780,Katieland,California,87640,126.905887,47.4915805
Kevin Turner,61,642 Reed Junction,Stewartburgh,North Dakota,61076,-114.541918,1.218817
Martin Bailey,69,6032 Hill Ford,Clarkland,Illinois,95262,6.375241,71.789306
James Wheeler,70,9985 Kerr Via,Lake Teresamouth,Delaware,50521,-152.405462,-46.927449
Laurie Winters,34,9938 Matthew Tunnel Apt. 531,South Christopher,Massachusetts,75031,-95.197382,62.528623
Seth Gay,80,770 Young Fields,North Michelle,North Carolina,68877,-59.945034,41.7677235
Emily Perry,61,4234 Alexis Ville Suite 036,Chadfort,Missouri,04877,-19.519295,46.3898615
Savannah Stewart,30,596 Nelson Springs,East Brandyfurt,Colorado,56812,103.673405,73.289472
Anthony Myers,63,926 Payne Villages,Jordanside,Connecticut,78483,40.965057,29.674499
Christopher Colon,24,276 Turner Way Apt. 561,Lake Davidmouth,Delaware,31504,43.364735,21.0274265
Joshua Sellers,63,68073 Clark Crescent Suite 236,Rachelton,Alaska,62831,-166.557365,-42.1122305
Christie Alvarez,20,47372 Alexander Street Suite 975,North Brittanyburgh,Alaska,65673,1.711172,49.799251
Heather Martin,75,40248 Cunningham Ridge,Erintown,Arizona,04334,109.798026,39.837925
Kristen Miller,72,78103 Michelle Underpass Apt. 598,Sarahshire,Colorado,28002,-169.057239,-19.966079
Meagan Johnson,79,4530 Wade Centers,Warrenside,Georgia,75379,-8.742954,-80.025656
Jessica Smith,35,36923 Robinson Islands Apt. 381,Jaredside,New Hampshire,33987,161.770622,-32.9708895
Danielle Campos,38,3268 Drew Pike Apt. 639,Swansonville,Michigan,88859,-100.910436,82.4831045
Allison Rodriguez,18,231 Bradley Views,Tinaland,Louisiana,72073,-135.208675,85.1156325
Edward Buck,61,5828 Kirby Isle Apt. 231,Alisontown,Rhode Island,85723,154.661521,11.3771145
Kara Stark,75,18139 Larsen Spur Suite 179,East Laurashire,Arizona,04942,44.318532,75.2704255
Ashley Moreno,46,6281 Allen Village Suite 528,Ronaldbury,Ohio,87445,-107.334907,-73.890333
Dustin Lawrence,44,006 Lee Plains Suite 343,Jacobborough,North Carolina,88310,-53.579814,68.0577735
Katrina Wilson,52,15385 Jenkins Fords,Lake Victoria,North Carolina,80826,-68.797647,-2.351597
Craig Mcintosh,48,599 Jeffrey Plains,Lake Matthewhaven,Maine,18989,-175.308705,-72.018374
Jamie Martin,61,4553 Henry Village,New Kathrynton,Illinois,25355,-24.486098,59.800225
Tracy Williams,20,381 Barker Fork Suite 943,Christinehaven,Kansas,29369,-90.803252,16.323149
William Ayala,41,042 Ramsey Estate,North Daniel,Minnesota,09943,153.415787,19.782782
Tamara Lara,49,1151 Troy Meadows,Patelview,Oregon,10986,-51.741182,-71.4677535
Carlos Armstrong,47,4657 Erika Vista,Kristinburgh,Kansas,05360,-41.721754,-20.802766
Alexis Mcbride,48,105 Rachel Flats Suite 078,North James,Kansas,40139,79.844085,-30.3827045
Kaitlyn Garcia,72,7416 Carolyn Place Apt. 539,Paulmouth,Maine,70464,3.910500,-32.4437025
Gail Hawkins,54,499 Harris Springs Suite 395,Willismouth,Idaho,74068,103.956587,-53.1224035
Shelby Howell,71,2635 Paula Cape Apt. 746,Sandyborough,Massachusetts,95112,97.433329,-59.001743
Barbara Conner DDS,20,40099 Perez Rapids,Hughesburgh,Rhode Island,89255,138.121838,41.9326155
Chad Davis,29,43088 Willis Forks Apt. 235,Woodsstad,Kansas,72614,118.302670,-19.2347635
Bonnie Hicks,53,798 Donna Orchard,North Anthony,South Dakota,46354,94.742567,-78.064780
James Larson,18,2455 Rose Fort Suite 369,Joefurt,Delaware,16887,178.424338,41.6290715
Melinda Bautista,74,17071 David Station Apt. 573,Christychester,Alabama,44645,37.004162,32.2435835
James Juarez,74,1702 Brenda Brooks Apt. 979,West Teresa,Utah,72001,136.052734,-13.092125
Michael Heath,19,2060 Kelly Knolls Suite 141,Popehaven,Idaho,87721,89.276009,-31.312087
Amy Harris,59,20985 Ball Rue Apt. 289,Port Bernard,Washington,91060,54.704045,87.0253385
Stephanie Johnson,21,15716 Allen Meadow,West Carolyn,Georgia,79307,60.711510,38.960274
Kimberly Hill,32,903 Luis Glens Suite 960,South Dawnland,Kentucky,49359,-66.984524,-36.3526455
Paul James,47,6120 Shannon Spring Suite 433,East Alexander,Nevada,44394,174.111397,78.5894395
Samantha Thompson,59,9279 Roger Grove,East Jamie,Alaska,69902,-32.768596,-53.7836935
Kristy Lopez,24,71910 Swanson Field Apt. 070,South Michellefurt,Florida,27351,147.660724,-64.0816405
Sean Carr,37,0962 Marshall Mount,Thomasberg,Montana,66841,172.355471,-42.1797815
Evelyn Castillo DVM,29,042 Melissa Bridge,North Susanview,Alaska,14692,-78.789241,-0.108427
Martha Smith,37,402 Martinez Cove Suite 017,Wilkinsbury,West Virginia,65752,-47.883249,35.3435075
John Tran,66,84425 David Row Apt. 809,East Kelly,Texas,49989,37.571501,37.339393
Alexander Casey,39,773 Katherine Landing Apt. 408,North Sharonburgh,Missouri,25241,-32.423642,-48.7217225
Jeanne Perez,19,469 Vega Summit Apt. 828,Ariasside,Michigan,17225,-76.866991,79.339331
Christopher Erickson,50,65803 Payne Via Apt. 954,Donnastad,North Dakota,85867,-160.621758,-14.894767
John Rodgers,54,889 Penny Rue,Blevinsmouth,Alabama,97278,6.680160,84.4399365
Jamie Ferrell,65,0777 Fuentes Forges,Emilymouth,Tennessee,47834,-127.175862,35.5097805
Douglas Jones,30,55142 Emily Flat,Brandonport,Idaho,02306,135.010771,5.425693
Cheryl Landry,64,48667 Ramirez View Suite 218,North Kevin,Indiana,59725,82.774129,0.7690605
Amy Turner,22,60669 Tammy Knolls Suite 735,North Theresabury,Louisiana,68224,-147.056865,41.5584955
Jennifer Garcia,24,74932 Williams Mission Suite 846,Lake Timothy,West Virginia,31112,96.483944,67.378336
Antonio Stewart,35,6181 Michelle Estates Apt. 740,New Leonard,Florida,60980,-18.011501,88.089967
Tiffany Randolph,35,35816 Donna Canyon Suite 609,Lake Robert,North Dakota,90591,-18.105661,-31.392483
Lori Steele,65,23519 Holloway Ranch Suite 227,New Rachelburgh,California,59179,21.471038,37.5676055
Andrea Leonard,68,15517 Melissa Springs,Reginaldbury,Missouri,39005,-153.244278,56.688429
Jacob Young,39,7957 Marissa Green,New Brooke,Pennsylvania,29537,126.209492,-4.672309
Timothy Miller,32,1594 Michele Greens,Reginafort,Rhode Island,50334,-154.048599,61.1958955
Jeremy Frye,26,496 Hill Spring,New Cynthiatown,Kentucky,30253,1.794248,-67.1588385
Bob Beck,20,411 Mathis Tunnel,Pruittville,New Mexico,74807,-42.454483,60.504684
William Anderson,24,593 Heidi Brook,Lake Donald,Oregon,74169,-101.700795,-3.5873405
Christina Mendez,46,02220 Diaz Turnpike Apt. 084,Jasonville,Louisiana,70136,-65.158330,-0.908942
Ryan Powell,70,263 Jennifer Alley Apt. 769,North Mary,Virginia,28398,171.952339,74.453751
Daniel Parsons,58,09555 Gill Hollow,North Lisa,Oklahoma,59138,139.738381,-73.618830
Cynthia Day,30,93700 Simmons Neck,Paulchester,South Carolina,45701,124.957689,-50.945887
Justin Gonzalez,38,067 Lisa Roads,Lake Jessica,New Mexico,53364,87.188610,-74.8789325
Kathleen Cox,80,09099 Amy Brook,West Nicholasmouth,Kansas,98063,-24.582514,71.436550
Alison Peterson,37,86843 John Curve Apt. 086,New Joseph,Nevada,95689,-130.221728,-42.4804805
Jessica Roberts,73,14062 John Ways,Hudsonfurt,New Jersey,45526,4.113698,31.4707605
Joel Compton,68,7008 Melissa Port,Anthonymouth,Arizona,11670,66.061422,5.7495985
Lisa Hickman,57,4430 Jennifer Villages,Andersontown,New Jersey,21080,-137.412842,-10.8804685
Lisa Williams,27,92560 Khan Crossroad Suite 215,South Darrylfort,Montana,72469,8.268936,48.9719155
Chris Cortez,23,578 Neal Road,New Deborah,Florida,68124,23.794565,-65.064525
John Thomas,56,182 Harris Lodge Apt. 632,Lake Tammyfort,Washington,41972,-129.428014,-34.0849235
James Taylor,71,4024 Christopher Court Suite 464,Smithville,North Dakota,90335,-6.548006,7.153926
Mark Todd,76,2016 Conley Glen Apt. 304,Williamsburgh,Arkansas,40989,-78.619308,14.295093
Phillip Sosa,47,89436 Perkins Walks Apt. 248,East Cynthiafurt,New Jersey,63186,-45.956822,-40.685861
Ashley Martin,39,1363 Lutz Locks Apt. 472,Campbellview,Pennsylvania,69945,39.332472,85.9469905
Teresa Clark,72,288 Morales Isle Suite 085,Coleton,Georgia,97800,104.882910,-51.7181585
Melissa Nguyen,23,732 Bryan Path Suite 434,East Scott,Montana,04309,-173.827161,49.2998135
Steven Wright,64,147 Orr Wall Apt. 884,East Alexismouth,Georgia,90978,50.190349,-53.5173675
Stephanie Ray,35,9026 Autumn Rue Suite 311,Alexandriaton,Alabama,11890,-12.739416,52.7606855
Michele White,54,2148 Velasquez Street Apt. 537,Kristinview,Florida,33755,-46.275185,-82.3995375
Zachary Sanchez,59,3921 Santos Skyway Suite 559,Lake Rachelbury,New Jersey,16826,113.056213,-74.8322455
Kayla Jenkins,18,53939 Johnny Village,Brettstad,Michigan,94554,114.198844,-39.714747
Loretta Wall,76,743 Tyler Canyon Apt. 890,Davisport,Texas,80630,44.806773,75.254768
Jonathan Graves,35,09780 Cook Place,Davidmouth,Indiana,26232,-31.559633,3.868194
Michelle Brown,40,696 James Points,Priceview,Colorado,80894,-11.250617,85.057417
Frank Jackson,55,4885 Delgado Mountains,Sanchezburgh,Vermont,93706,-50.022136,5.2216515
Teresa May,38,8730 Daniel Coves,Philiphaven,Tennessee,20001,141.922186,-42.9957575
Terry Skinner,62,8561 Frost Manor,Thompsonshire,Colorado,19594,-82.919389,-2.142056
Ivan Norris,76,51432 Schwartz Gateway Apt. 802,New Rayfurt,Wisconsin,22626,-132.277540,-69.051402
Michael Wilcox,59,105 Wright Crescent,Lake Benjaminton,Delaware,76300,-120.880507,-43.102162
Eduardo Leonard,72,6992 Shane Plaza Suite 819,Richardsonbury,Hawaii,56019,38.790966,64.971642
Cameron Gomez PhD,19,777 Thomas Ridges Suite 622,Whiteshire,Indiana,09418,82.216630,-89.9513275
Gregory Levine,80,6495 Teresa Lodge,Lake Steven,Alabama,08421,-79.173488,2.6870985
James Fisher,22,4597 Michael Forest Suite 718,Kimberlyberg,Mississippi,85178,-65.417124,-63.9346625
George Garcia,61,361 Lauren Court Apt. 024,Jamiehaven,Alaska,65699,-112.311310,-52.5934685
Virginia Phillips,73,4978 Roberts Mills Suite 158,Port Bryan,Georgia,80243,-173.547086,68.7277555
Nicole Hernandez,56,878 Harris Stravenue Apt. 765,South Matthew,North Carolina,04654,-114.109133,-59.4737575
Philip Rodriguez,47,34114 Caroline Lodge Suite 319,East Carrie,Kansas,45591,74.259485,43.907292
Donna King,54,24914 Jerry Mountains Apt. 843,West Daniel,Connecticut,12216,-96.383490,66.797146
Dana Williams,46,890 Elizabeth Landing Apt. 368,Weavershire,Oklahoma,65958,-15.872283,-78.061013
Christopher Kelley,67,9227 Stephanie Ways Apt. 463,New Benjaminfort,Alaska,03280,-66.383859,18.6909415
Mark Guerrero,78,114 Sherman Meadow Apt. 760,Henryside,North Dakota,50107,35.714009,-5.3595435
Derrick Welch,39,90649 Jeremy Ridges Apt. 363,Daniellemouth,Oklahoma,16922,60.554541,-51.617194
Alan Miller,56,4015 Ramos Cliff,Keithside,Arizona,17535,-56.464063,72.248752
Jacob Parks,77,93737 Walker Inlet,Lake Scott,New Jersey,55258,100.794057,-22.673117
Michael Jones,63,416 Gina Villages Apt. 925,South Kevinland,Tennessee,39447,147.940495,66.3112445
Suzanne Peters,76,78903 Mariah Prairie,Bradfurt,Idaho,63221,-106.417732,-22.329147
Patricia Gordon,21,5076 Charles Manor,Lake Jessicamouth,Connecticut,54800,-103.496734,25.0968045
Robert Reyes,23,55333 Michael Parks,East Amandafurt,North Dakota,72939,97.317310,55.4370625
Andrew Reynolds,69,610 Mullins Knolls Suite 720,Haleyview,Vermont,95775,102.343522,-49.0849465
Tina Hughes,73,032 Sydney Gateway,Michellehaven,Florida,83771,-9.668984,-20.273070
Vanessa Thompson,23,99623 Sharon Trail,Port Christian,Minnesota,18782,5.714774,-42.079103
Kayla Berry,53,7116 Potter Circles,Jillburgh,Indiana,70287,-98.302055,14.4375425
Tina Rice,75,507 Matthews Path,Robertsberg,Iowa,45290,107.956602,69.295492
Laura Ortiz,74,974 William Pike,Feliciafort,Kentucky,46705,74.688864,55.572113
Kimberly Mitchell,40,348 Aaron Ferry Apt. 936,Ericland,Oklahoma,13691,-131.697120,42.1633965
Angela Rice,40,905 Foster Flats Suite 024,South Nicole,West Virginia,13577,-49.843178,53.4885645
Brandon Rivera Jr.,73,51067 Zavala Wall Apt. 382,New Sherry,Minnesota,31983,109.324236,25.9403695
Nathaniel Smith,65,21995 Elizabeth Spur Apt. 889,Hornland,West Virginia,59704,16.987126,28.398366
Martha Kane,58,54895 Nguyen Prairie,New Jochester,North Carolina,82664,-55.827387,14.3800325
Christine Rice,41,9166 David Island,Anthonyshire,Wyoming,05549,165.927883,37.8805015
Ryan Blackburn,52,0177 Schultz Park,West Elizabethville,Oregon,50629,102.189051,15.948823
Benjamin Middleton,51,6969 Richard Valleys Apt. 719,Lake Anthonyberg,North Dakota,14926,92.413634,55.874733
Barbara Hill,59,365 Nathan Path Suite 395,West Tiffanymouth,Virginia,11074,74.790150,77.680594
Daryl Cox,74,1079 Fernandez Vista,Jennifermouth,Alaska,45225,152.795379,26.7592645
Colton Williams,35,187 Black Shores,Johnchester,Alabama,11294,120.347074,83.4670255
Elijah Hall,40,5103 Williams Circle,Tarastad,Tennessee,57376,-124.314073,82.703390
Chase Martinez,18,71902 Joel Branch,South Duanebury,California,55630,-64.826078,-36.4050525
Gregory Farmer,18,22414 Laura Orchard,Snowton,Louisiana,62884,144.142129,17.390663
Danielle Gray,53,36001 Diaz Plaza Suite 314,Youngchester,Maine,26765,67.983623,-48.4701595
Deborah Joyce,76,4063 Lauren Grove Apt. 037,Fosterfort,New York,23491,-136.414190,4.247404
Tiffany Waters,78,538 Tammy Trafficway Apt. 337,South Jessicaville,Wyoming,79149,-80.914517,87.3640705
Jeffrey Richardson,56,58187 Julia Coves Suite 406,Jeremyville,Arizona,54966,145.697393,18.8127375
Robert Stone,54,29242 Collier Walks Apt. 204,South Emilyport,Colorado,28419,-123.628541,-39.4742665
Barry Levy,34,37414 Kathryn Spurs,Hamptonstad,Massachusetts,43898,-147.423118,57.5707195
Manuel Norman,67,60190 Kenneth Crescent,South Reneeside,North Carolina,41439,-152.673151,-86.811545
Louis Heath,76,293 Reid Brook,Sheilatown,Kentucky,67870,-54.200005,-81.655457
Emily Caldwell,29,46996 Mitchell Flats,Shanechester,Nebraska,56651,-123.868258,-15.438174
Tina Fowler,42,796 Madden Haven Apt. 240,East Shelbyshire,Maryland,76449,-82.206554,-5.3770455
William Larson,20,87464 Cox Ramp,Port Kimberlyville,Nevada,95842,109.932935,86.2408645
Reginald Adams,58,9331 Hampton Plaza,Powersshire,Louisiana,78885,-136.119554,5.1146525
Austin Hernandez,55,8069 Lowery Corner Apt. 499,Jodyborough,New Mexico,24541,-107.106481,-50.717556
Shane Williamson,40,67070 Williams Shoals,Franklinton,South Dakota,82677,26.498676,-28.9513965
Stacey Mcdaniel,48,56982 Newman Isle Suite 093,North Davidville,Florida,09144,132.997910,-38.1425055
Sarah Keller,29,74423 Austin Stravenue,Lake Davidberg,Louisiana,32227,-173.695629,-2.9818645
Nathaniel Howard,63,140 Fisher Shores Suite 229,Rushmouth,Hawaii,38560,17.216853,88.131279
Katelyn Torres,66,96091 Ballard Parkways Suite 944,Lake Kellyside,Nebraska,15482,-37.599086,-2.2149115
Heather Wright,64,86897 Nguyen Stream,Port Julie,Maine,72488,-36.666877,71.982366
Bianca Stafford,63,2562 Alvarado Junctions Suite 247,Port Brittneyshire,New Jersey,52324,158.592578,3.9261115
Natalie Rivera,44,18209 Young Estates,Caldwellfort,New York,70973,175.066831,24.7896645
Madison Rodriguez,58,462 Jennings Bypass Suite 582,Andersonport,Mississippi,50751,-164.951478,83.512037
Sara Strickland,22,29443 Turner Turnpike,Jonborough,Pennsylvania,10048,48.406406,42.090254
Mark Weiss,69,42702 Scott Estate Suite 165,Hoodtown,Oregon,03428,-128.501080,-35.709593
Lindsey Johnson,32,2475 Richard Forks,Port Chase,Kansas,18057,-20.544900,-15.621587
Ryan Parker,40,91375 Williams Valleys,Peterport,California,60662,1.289933,25.440215
Kathy Faulkner,37,335 Payne Orchard,Kathleenmouth,Oklahoma,76879,127.473078,51.5278305
Frederick Townsend,41,6090 Larson Isle Apt. 924,Morganside,Wyoming,36626,-85.742018,-10.1478065
Joshua Graham,58,26701 Smith Tunnel,Richardtown,Illinois,38524,-7.131803,-81.6019335
Natalie Escobar,50,94199 Ross Orchard,Adamville,Florida,70776,-0.460913,35.4728825
Scott Christensen,32,13254 Smith Extension Apt. 305,East Robert,Utah,04287,119.619563,-6.3234285
Vanessa Jones,55,9246 Wendy Underpass Apt. 815,North Gabriellahaven,South Dakota,25498,-89.815054,-83.797810
William Bradley,78,744 Tate Circle Apt. 257,Port Daniel,Nebraska,67775,74.463232,-59.2725355
Mark Nunez,22,684 Cohen Brook Apt. 849,North Kathy,New York,92793,-8.116150,-49.4966385
Allison Leon,77,631 Brown Ferry,Lynchberg,Tennessee,68330,-121.641912,-22.0363005
Mr. Alexander Cummings,24,80760 Rebecca Corner,West Jessica,Tennessee,84014,18.109107,-73.946340
Marvin Allen,76,1990 Robinson Camp Suite 930,West Annettefurt,Illinois,45438,-65.328237,-59.0331785
Daniel Shaffer,37,02541 Kimberly Square Suite 405,Gibsonstad,Delaware,86863,-59.353020,-14.219578
Sheri Smith,21,336 Santana Plains,Phamshire,Indiana,64008,-96.926010,-70.4874325
Chelsea Barton,80,333 Hernandez Square,Maysburgh,Vermont,74602,33.027191,-15.851665
Jessica Young,54,12823 Laura Camp,New Hollyview,Washington,52257,5.047484,31.7356685
Christopher Miller,55,674 Bernard Loaf,Lake Jamesland,Washington,71517,-23.233939,55.841086
John Gomez,42,2492 Wright Summit Suite 580,East Justinfort,South Dakota,94102,41.640526,37.6568945
Frank Hill,29,45657 Karen Meadows,Angelabury,Oklahoma,12151,31.106706,-22.5254105
Janice Howe,20,12414 Curtis Village,North Amanda,Virginia,47865,107.182821,4.7610445
Mary Rosario,24,9768 Hancock Heights,Maureenburgh,Oregon,10003,132.116822,41.7465055
Angel Gordon,41,729 Kent Flats,East Stephanie,Indiana,38906,122.260210,16.3909535
Patricia Sandoval,28,931 Russell Bypass,East Loritown,Arizona,41619,126.646862,18.2270065
Jeffrey Wall PhD,76,470 Charles Vista Suite 694,Weberhaven,North Dakota,84291,140.175331,55.8904165
Rachel Harper,47,53550 Jennifer Ford Apt. 709,Tuckerborough,Nebraska,11936,-43.934144,-65.8848925
Hannah Hughes,65,61187 Collin Tunnel Suite 719,Jonesside,Washington,11997,-114.847495,-47.031582
Melissa Lin,50,4831 Webb Station,Cookfurt,Oregon,38759,-60.664334,-18.408240
Christopher Hall,57,5151 Patrick Village,South Tracifort,Texas,48117,60.659743,-83.4611015
Whitney Arias,21,34991 Boyd Crossing,Rodriguezmouth,Idaho,76219,-143.497305,15.7967015
Jeffrey Morales,32,0999 Patricia Way,Matthewmouth,Nebraska,68846,-8.219297,-34.879307
Christopher Lynch,68,363 Andrew Roads Apt. 964,New Jennifershire,West Virginia,85395,173.825332,84.987993
Elizabeth Barron,21,91387 Morales Stravenue,South Joseph,Virginia,17994,165.313152,75.718895
Mary Gillespie,44,797 John Terrace Apt. 550,Schultzchester,West Virginia,52878,-39.074059,57.072659
Valerie Anderson,31,5484 Thomas Turnpike,Sergiomouth,Utah,64754,-156.322760,-69.425287
Mark Matthews,21,7936 Christopher Throughway Suite 104,Craigberg,Delaware,57414,124.745929,-55.069652
Marilyn Khan,51,9157 William Underpass Apt. 543,West Jennifer,Wisconsin,76456,135.639428,21.565081
Cassidy Ray,62,7346 Bailey Spring Apt. 279,Delgadomouth,Nebraska,40211,52.640492,-85.867826
Jason Holder,52,075 Paula Meadow Suite 055,Lake Gabrielle,Oklahoma,02159,124.344006,-88.928231
Andrew Olson,57,2685 Thompson Parkway Suite 032,Garciafort,Missouri,16270,13.084892,-33.4827515
Albert Kelley,69,144 Taylor Mountain,North Courtneyberg,Virginia,61950,159.959529,30.952396
Kathy Graves,18,12879 Henry Mills Suite 073,North Crystalview,New Jersey,97459,131.750781,-86.813914
Nancy Rocha,38,939 Johnson Fork,Donovanstad,Massachusetts,34786,170.827206,21.0495635
Margaret Bailey DDS,63,0730 Nunez Spur,Harrischester,Connecticut,31779,150.357212,-85.907003
Aaron Cunningham,39,713 Victor Isle Suite 540,West Lynnview,Ohio,01665,-67.890198,14.336763
Courtney Dickerson,33,1916 Robert Extension Suite 186,Tanyabury,Michigan,73745,-147.014186,-70.2007635
Stephanie Fry,21,1579 Zimmerman Groves,Austinton,South Carolina,01835,35.366497,-11.9112395
Eric Bell,47,51217 Ann Curve Suite 550,New Jon,Hawaii,96745,0.690021,-2.7903575
Lori Stanton PhD,25,98454 Moreno Shore,Lake Vincentshire,New Mexico,83878,-104.054169,75.0877275
Andrea Peters,64,08299 Rodriguez Greens,Rodgersbury,North Dakota,58520,164.453947,-58.6881315
Michael Castillo,79,3426 Bob Mission,Josephstad,New Jersey,10013,169.393348,-33.158710
Justin Parker,44,76365 Steven Hill Apt. 565,Katiemouth,Florida,02193,-87.198440,59.7878425
Barbara Weaver,77,426 Jones Causeway,West Veronicamouth,Delaware,26146,-174.017923,-24.7117245
Heather Martinez,67,17609 Beasley Falls,South Wesley,Iowa,70150,72.703269,63.279320
Scott Richardson,19,5243 Michael Well,South Pamelaborough,Tennessee,36718,-14.811487,-1.476556
Joseph Flores,67,3269 Griffin Burg Apt. 286,New Tinatown,New Mexico,45948,63.327968,11.484972
Amy Davis,71,47214 Hughes Gardens,New Kevin,Missouri,80313,-81.331336,-39.893159
John Henderson,65,541 Jacob Avenue,Carlosbury,Mississippi,44729,137.910772,74.9699215
Connie Owen,67,34193 Julie Junctions Suite 857,Sharontown,Florida,06462,-106.636979,83.502658
Alexis Petty,80,519 Dana Mountain,New Teresa,Florida,46315,-110.437088,-52.454852
Christopher Foster,54,466 Whitaker Mission Apt. 325,East Jordan,Wyoming,96230,-64.154151,54.014045
Melissa Taylor,30,0974 Amy Trace,West Michelleberg,Utah,52962,129.024380,32.261123
Kyle Francis,24,02995 Romero Cliff,North Danamouth,Massachusetts,25236,90.098624,-16.313081
Nancy Griffith,24,8857 Mary Walks,West Michael,Ohio,55273,154.114822,-74.4034955
Elizabeth Thompson,32,0881 Joseph Stravenue Suite 296,Rubiofort,West Virginia,64544,-159.708003,37.9147255
Walter Taylor,25,614 Frederick Shore,Lake Teresaport,New Mexico,24109,-126.789610,-47.8734595
Carlos Brandt,34,439 David Creek,South Casey,New Hampshire,39103,-22.844722,64.7144605
Heather Christensen,75,3063 Nicholas Field Apt. 083,Mendezport,Tennessee,99906,140.204513,7.8822405
Mark Underwood,42,469 Turner Parkways,Davisstad,Nebraska,61380,-134.022371,3.2145285
Angela Ortiz,21,75545 Farrell Cliff,Hernandezland,Indiana,72895,22.631019,-68.1336695
Logan Conley,64,292 Moore Circle Apt. 582,Lake Jamesmouth,Colorado,74115,-128.155284,82.6214315
Brenda Tapia,64,23040 Lori Lights,Kathleenton,Georgia,73423,81.418857,-61.3596275
Chad Tucker,46,812 Williams Views,South Nicole,New Jersey,41912,100.308880,-60.4684255
Lindsay Gray,71,223 Young Ferry,New Rachelside,Ohio,33933,-137.874957,5.3343655
Katherine Walker,77,51597 Joseph Heights,East Georgeville,Mississippi,79023,-15.176561,-63.4154365
Charles Zimmerman,69,770 Garza Forks Apt. 353,Brianmouth,New Jersey,77158,19.133800,44.0824815
Kristin Edwards,20,880 Raymond Street,Port Jennifer,Iowa,86770,102.842214,-67.5005215
Laura Gomez,38,6920 Veronica Valley Apt. 061,Port Donaldchester,South Dakota,92127,-9.922505,-34.622660
Keith White,78,75932 Mcbride Prairie Suite 370,Cobbton,South Dakota,24073,119.380550,-58.214943
Taylor Sanchez,32,3279 Michael Estates,West Tim,Delaware,42507,-108.523275,73.066485
Andrew Higgins,58,46228 Michael Lodge,South Christopher,West Virginia,91070,157.553750,-9.451210
Amanda Martinez,70,5724 Rodney Islands,Aaronport,North Dakota,24031,-104.964677,-54.701470
Veronica Mendez,25,782 Andrew Canyon Apt. 088,Lake Robert,Arizona,71082,-68.141950,-87.792625
Jill Brooks,51,8030 Kenneth Way,New Patricia,California,83683,58.632818,-35.293251
Terry Powell,27,97855 Cruz Stream Apt. 206,Port Cynthia,Kansas,76229,26.345285,-34.892744
Jason Wood,18,68867 Benjamin Viaduct Apt. 904,Port Keithbury,North Carolina,01218,-65.541966,7.2694975
William Goodman,55,84520 Kim Street,Erinbury,South Dakota,26922,63.915929,-7.3921885
Melanie White,25,09912 Scott Valleys Apt. 443,Montoyaville,North Dakota,06238,106.154600,43.5605665
Rickey Stewart,62,54891 Matthews Inlet,Garzaborough,Delaware,03596,108.141144,-61.8681555
Jay Rhodes,43,6119 Ross Cliff Apt. 762,Garciamouth,Vermont,63137,54.932372,-44.3082375
Shawna Thomas,24,6354 Campbell Loaf Apt. 506,Rosehaven,Colorado,85008,96.861873,17.648663
Robert Kidd,22,4168 Tammy Flats,Onealburgh,Florida,24959,82.903840,25.6534575
Lisa Brown,25,292 Jennifer Isle,Ashleyport,North Dakota,69105,-34.534799,76.1106075
Amber Jones,42,2321 Jasmin Circles Suite 458,West William,Minnesota,11707,153.863503,76.518389
Mark Romero,77,946 Donald Port,North Brian,Kansas,43671,-16.763460,64.8393005
Jessica Green,35,0027 Brandt Knolls,Allenborough,Wisconsin,97964,131.917966,10.525569
Brian Mccoy,64,66879 Erin Burgs,New Bethany,Georgia,52212,-107.924974,-62.102301
Edwin Thomas,57,89086 Weiss Wells,Annaton,Kansas,81538,115.529055,61.7531455
Jason Ortiz,42,0642 Jennifer Fort,West Andrewtown,Montana,17943,132.815262,-46.426326
Karen Lucero,72,426 Jeffrey Mall,North Scottview,Arkansas,61778,48.425776,-27.411493
Ryan Black,31,12856 Carla Valley Suite 305,Phillipsmouth,Tennessee,61004,65.084619,-15.097945
James Roberts,49,248 Tara Lodge,Tracyton,South Dakota,13204,42.664554,-3.1344215
Kevin Sanders,33,37919 Pennington Ferry,Port Jamesbury,Georgia,70218,93.511204,-87.290704
Krystal Hamilton,72,9222 Jeremy Islands Suite 803,West Johnnyton,Wyoming,63376,138.337379,-57.766525
Jonathan Miller,49,344 Brown Islands Apt. 926,Vargasland,Idaho,88046,121.392777,10.5471355
Martha Orr,30,38943 Gerald Causeway,Danielschester,South Dakota,83149,103.412422,-48.8530735
Michele Dominguez,30,7167 Huang Heights Suite 968,South William,Texas,23877,-39.057762,88.2783425
Lori Nelson,45,60078 Melinda Causeway,Mcdonaldland,California,21733,82.524140,-2.5416075
Kristen Mason,76,28604 Steven Forges Suite 055,Johnsonburgh,Wyoming,49249,26.100086,-11.118782
Sherry Price,54,06350 Barnes Run Suite 438,Navarroborough,Utah,09246,90.775620,-26.4250175
Stephen Clark,22,18377 Kaylee Route,Dickersonton,Colorado,69552,-19.001326,-17.1509345
Dennis Henderson,52,181 Brown Grove Suite 972,Port Jenniferhaven,Alaska,52654,134.791603,-52.828439
Brianna Holmes,66,3276 Mary Views Suite 614,Stevenbury,Kentucky,44242,-108.346088,53.326674
Kevin Ramos,71,4876 Jonathan Parkway,Smithchester,Wisconsin,10510,15.483443,57.0379645
Sandra Charles,69,685 Baker Dale,Amyshire,Michigan,24414,138.898781,49.0291285
Deborah Turner,24,363 Rebecca Drive Suite 139,Alexandrachester,Idaho,82373,-108.335204,-52.0109065
Erin Howard,26,5494 Bennett Ports,East Cassidyhaven,Kansas,63908,62.483023,-68.2102455
Mario Mccoy,26,293 Samantha Freeway,West Jennafort,New Mexico,67722,-148.133615,-9.9446385
Erin Spencer,41,389 Paula Via Apt. 272,Hensleyfurt,Alabama,62398,121.409456,72.3528235
Dr. Brianna Mejia,64,305 Jeffrey Greens Suite 390,South Coryhaven,Oklahoma,33076,-57.178879,74.3482155
Susan Sharp,31,04826 Nathan Squares,Mccannfurt,Nevada,74762,102.123455,-43.2996905
Ashley Charles,32,576 Daniels Path,Robertshire,Missouri,92812,33.150969,79.245172
Edward Simon,47,622 Maria Hill Suite 193,Ginaview,Florida,80360,-116.099235,40.067014
Juan Howard,56,99787 Lacey Islands,Lake Andrea,New Hampshire,30798,-89.401084,75.6275195
Tracy Wilkinson,25,31390 Jackson Parks,Sherifort,North Carolina,47076,21.918226,-5.070657
Michelle Rodriguez,53,755 Young Greens Apt. 398,Sawyertown,North Dakota,19088,-26.440083,60.373310
Bryan Lopez,20,776 Karen Squares Suite 765,Aguilarshire,Florida,78103,101.693911,43.4324665
Matthew Lara,32,977 Patrick Ports,West Jessicafort,West Virginia,06544,172.841239,-89.8244245
Frank Pearson,46,0194 Willis View,West April,New York,27204,-109.179481,33.481349
Kristin Clark,43,3554 Andrews Rapid,Jasonfort,Oklahoma,25894,95.467314,-20.600629
Jill Harris,25,0557 Brewer Coves,Carlosport,Washington,76812,-164.393925,-51.5730555
Brittany Lawson,57,0221 Jennifer Ways,Davidmouth,Missouri,71862,-7.050844,-56.7219635
Larry Griffith,51,674 Martinez Island Suite 295,Port Melissaberg,Maine,27835,38.705561,-55.2093005
Felicia Williams,33,482 Jeffrey Field Suite 963,Johnmouth,Montana,84522,-44.664894,57.7927135
Elizabeth Campos,28,24054 Gregory Spurs,West Kimberlyville,Alabama,51146,-63.318230,86.121769
Shelley Willis,47,27756 Sherry Crossing,South Jenniferberg,Florida,80509,-123.369749,-48.4704675
Amy Smith,55,827 Nelson Prairie Suite 535,Brendaland,Texas,08436,171.860848,-44.714749
Erika Parker,26,081 Shane Brook,Jameschester,Oklahoma,02992,15.060992,-29.3685755
James Pierce,54,99893 Harris Port Suite 396,Davidport,Idaho,91476,-94.922027,-88.7742375
Sarah Ramirez,56,2839 Lee Passage Suite 309,Lake Tim,Colorado,87262,119.113756,-9.5617425
Kenneth Johnson,51,01793 Hernandez Turnpike Suite 899,Tinabury,North Dakota,22128,-170.365367,31.9265195
Desiree Kent,78,361 Fernando Court,Cooperside,Pennsylvania,95802,173.574810,7.7859405
Andrea Becker,57,241 Barton Trace Suite 671,Davidfort,New Mexico,64465,107.011810,-78.168407
Carl Smith,68,5298 Aguilar View Apt. 809,South Rebecca,Maine,54119,-122.632922,-61.5931405
Brian Simon,77,840 Michelle Alley Apt. 033,South Loristad,Florida,69750,-105.877936,-77.506983
Stephanie Faulkner,59,70021 Julia Haven,Murrayton,California,49375,171.625506,-73.3192065
Susan Williamson,40,270 Katherine Dale Apt. 230,New Annamouth,New York,93592,106.305677,68.509971
Justin Rocha,22,700 Kimberly Cliffs Apt. 412,Port Christopher,Illinois,35161,65.017866,-45.917886
Amanda Walker,25,0290 Dominguez Views,Lopezstad,Maryland,18443,125.483853,49.7966075
